text,label,predicted_label,predicted_probability,prob_negative,prob_neutral,prob_positive
android marshmallow <number> . <number> . <number> won't let me log on the by existing account just keeps saying setting up bbm please fix,negative,negative,0.7561200261116028,0.75612,0.22150074,0.02237917
map animation stopped working,negative,negative,0.866259753704071,0.86625975,0.11066567,0.023074646
"good, but slow workflow.",positive,neutral,0.7255194187164307,0.018920822,0.7255194,0.2555597
nice app to use with friends,neutral,positive,0.8872984051704407,0.011997615,0.100703955,0.8872984
"i love this app, but i wish they had more outfit selections for maternity. other than that it's pretty awesome.",positive,positive,0.8961426019668579,0.01167573,0.09218169,0.8961426
radar in motion won't work.,negative,negative,0.9702971577644348,0.97029716,0.023351256,0.006351565
only opened <number> st <number> th pages of <url>,negative,negative,0.8665998578071594,0.86659986,0.112543784,0.02085625
when i was being rained on it said no rain in your <url> it is still a good weather app.,neutral,neutral,0.7460910081863403,0.06463718,0.746091,0.18927185
everthing is tought before its use,neutral,negative,0.48524993658065796,0.48524994,0.42046747,0.09428256
good content. worth downloading,neutral,positive,0.8095085024833679,0.010986916,0.17950453,0.8095085
"it's a great and fun app for emoji use, i like the customization. but there needs to be more clothing and style options. i feel like there needs to be styles with clothing and hair, such as punk, goth, rocker, traditional, futuristic, fairy, and many more. other than wanting more styles to choose from this app is great",positive,positive,0.8829607367515564,0.011407703,0.10563157,0.88296074
"wow, this is a terrible app. no open dialog or page goto. i had expected better from an actual adobe app.",negative,negative,0.9680888652801514,0.96808887,0.02517144,0.006739719
i m fed of this <url> has posted it add every where,negative,neutral,0.5834618806838989,0.26184013,0.5834619,0.15469798
it is very usefull browser,positive,positive,0.8429959416389465,0.016201744,0.14080232,0.84299594
its a bit slow vs thinking office and also text anti aliasing is bad,neutral,neutral,0.8502222299575806,0.051599834,0.85022223,0.09817792
"it was great for me and the owner was very nice to us.,but the price change when i pay from <number> to <number>",neutral,neutral,0.5248508453369141,0.046747733,0.52485085,0.4284014
provide some good <url> the only bad thing about this app is lack of good <url> hope you make it <url>,neutral,neutral,0.49752071499824524,0.016965803,0.49752071,0.48551354
problem with saving large photos plz fix ir,neutral,neutral,0.7239290475845337,0.18625182,0.72392905,0.0898191
its a good app but we dont have a night mode option for reading in which the background becomes black and text becomes white in color.,positive,neutral,0.7343204021453857,0.017962571,0.7343204,0.24771707
i hate the new version of bbm,negative,negative,0.9510861039161682,0.9510861,0.040306367,0.008607527
is an interesting app to use.,positive,positive,0.8686686158180237,0.013171715,0.11815966,0.8686686
"used to be great. now lots of issues with network. i keep getting no network errors, as failed to update errors even when signal is great, or i'm connected to my wi-fi at home.",neutral,neutral,0.5450854897499084,0.41523334,0.5450855,0.03968112
it always has me in virginia and i live in florida,neutral,positive,0.5676695704460144,0.079296984,0.35303342,0.5676696
it is the very good ape to any one download,positive,positive,0.8826292157173157,0.011860876,0.10550987,0.8826292
not up to the mark,neutral,neutral,0.479286789894104,0.46484682,0.4792868,0.055866368
useless boring it's of no use now days just like mxit,negative,negative,0.9564191699028015,0.95641917,0.035487056,0.00809376
very easy to use,positive,positive,0.9019779562950134,0.015046412,0.082975656,0.90197796
worst upadate this update dont respond whenever i access my download section so hated it.,negative,negative,0.9705734252929688,0.9705734,0.02277893,0.006647568
i have lots of state that i watch. my home town will not show what it feels like. all the others do. i have tried a few different things and it won't work. don't understand but it is important to me to know how cold it feels out. i can go to hourly and it tells me but should not have to! i'm uninstalling!,neutral,negative,0.878796398639679,0.8787964,0.10496181,0.016241822
better and more accurate then most other weather apps.,positive,positive,0.9091871380805969,0.015580501,0.07523236,0.90918714
fun!!! just wish i could make one of my bf.,neutral,positive,0.8666982650756836,0.018711641,0.11459013,0.86669827
worthless does not open password protected pdf as stated,negative,negative,0.9176967144012451,0.9176967,0.06872901,0.013574258
shoddy ui and keeps logging me out,negative,negative,0.6273457407951355,0.62734574,0.34004346,0.032610845
"very accurate, which is important! how about a <number> x <number> widget?",positive,positive,0.8270404934883118,0.016513707,0.15644579,0.8270405
i like the set up.,positive,positive,0.8500767350196838,0.01137473,0.13854852,0.85007674
"looks interesting at initial install, however the advertisement photos and the camera lay out are different to my install on a samsung galaxy note <number> . missing too many features compared to the full pc. version, particularly tagging and indexing. camera is not as good as the original camera being on the dark side. a nice app. however adds not enough to warrant keeping. perhaps in the future updates. most notably is missing the side by side photo comparison which was the main reason for installation.",neutral,neutral,0.7619093060493469,0.029959287,0.7619093,0.20813136
nexus <number> and samsung s <number>,positive,neutral,0.46398240327835083,0.33253345,0.4639824,0.20348415
"crashing. app crashes and freezes constantly. on htc one m <number> , and the app is completely broken.",negative,negative,0.951076090335846,0.9510761,0.03997572,0.008948137
plz provide watermarking <url>,positive,neutral,0.4746151864528656,0.07289124,0.4746152,0.45249358
u can download all movies in any language at movie <url> it okkk,neutral,neutral,0.7903403043746948,0.11981244,0.7903403,0.089847244
pls add more features for android like iphone features,neutral,positive,0.5860922932624817,0.0323135,0.38159412,0.5860923
nice app but when i taking picture with this app i have little problem here the range have limited only <number> - <number> meter even i set focus to infinity still can't get to it. i shoot with pro mode <url> you can fix that it will be <url>,neutral,positive,0.5316705703735352,0.019841932,0.44848746,0.5316706
it's not a web browser. it's an ad browser,negative,negative,0.8822091817855835,0.8822092,0.10381025,0.01398057
a lot of a bug here,negative,negative,0.624741792678833,0.6247418,0.3324803,0.042777836
shame forest starts again every day would be nice to build a huge forest like monthly or so,positive,neutral,0.7090909481048584,0.05976904,0.70909095,0.23114
"this app is so fun! my friends and family love exchanging silly bitmojis in our texts. the only reason why i gave it <number> stars is because i wish there was a way for your to organize the bitmojis, so you can quickly access certain ones instead of having to scroll through them or search. also, the outfits are pretty awful. they need a little more fashion. lol however, the art and creativity in the bitmojis are terrific!",positive,positive,0.8013762831687927,0.021192055,0.17743166,0.8013763
i love it but we need video support!,neutral,positive,0.8560295104980469,0.019332323,0.12463815,0.8560295
the app is is good but,neutral,neutral,0.7714174389839172,0.024243014,0.77141744,0.20433953
it is taking forever to load. never had this issue before. just started a few weeks ago,neutral,neutral,0.5893679857254028,0.3543697,0.589368,0.056262266
map stopped animating over a week ago on my samsung galaxy s <number> . please fix. used to be the <signature>,negative,negative,0.556006669998169,0.55600667,0.39937612,0.044617224
"it definitely helps me stay focused and off my phone. the one complaint i have is that when i have my phone on silent/vibrate, when i plant a tree my phone goes into standard/sounds on mode. i don't like that at all, i have it on silent for a reason.",positive,positive,0.863348126411438,0.01001275,0.12663914,0.8633481
one   for doing this nasty ios port,negative,neutral,0.42858636379241943,0.3002525,0.42858636,0.27116114
unmounted my sd card,negative,negative,0.941748321056366,0.9417483,0.04765911,0.010592582
why can i not delete saved locations? and ive read thtough it many times and dont see anyway at all to delte previously saved locations!!? im going to have to uninstall the app and then reinstall it to reset this location deleting issue u have!?!???,neutral,negative,0.9395361542701721,0.93953615,0.052511837,0.007951987
"lacks capability to browse for local file. no goto page option, <number> page documents impossible to read. no 'bookmark' to save <url> apps avail",negative,negative,0.7632324695587158,0.76323247,0.2136056,0.023161927
bbm is easy to use and simple way for chating to my friends and <url> !,neutral,positive,0.824504017829895,0.01714534,0.15835057,0.824504
make it better please,positive,positive,0.5859405994415283,0.018216692,0.3958427,0.5859406
"i liked the game as well as the concept. it would be better if it gave a sort of buzzer when time was up, and if you could add some personalization.",positive,positive,0.8676352500915527,0.013018358,0.11934642,0.86763525
"useful app nice app for opening documents, no adverts,easy to use and doesn't need a lot of experience",positive,positive,0.8972659707069397,0.011050878,0.09168315,0.897266
easy to book and great choice and information.,positive,positive,0.9175778031349182,0.015421331,0.06700089,0.9175778
never trust earth networks again,negative,negative,0.9452952742576599,0.9452953,0.043535873,0.011168801
what happened to the elite version i paid for?,negative,negative,0.9558908939361572,0.9558909,0.03490355,0.009205573
lots of problems with the map,neutral,neutral,0.6535720825195312,0.27675304,0.6535721,0.069674835
simple and easy to use,positive,positive,0.9001873135566711,0.014058252,0.08575446,0.9001873
"enjoyed the app until the <url> then the ticker quit <url> the pop up ads in the ticker are annoying. when you get all that shut off in settings, it works great!",positive,positive,0.615894615650177,0.021716395,0.36238897,0.6158946
radar does not work. will not stay on my home city.,negative,negative,0.973553478717804,0.9735535,0.019900883,0.006545585
it would be nice if it was in different languages.,neutral,positive,0.5265470147132874,0.013347498,0.4601055,0.526547
some tools can be available and improved without having to open an account or sign in each time like with drive but in general is pretty useful and have good features also please create the bin icon instead of the <number> dots and once you choose a file you can't delete only if you go back,positive,positive,0.829463005065918,0.012409653,0.15812732,0.829463
"i love it! however, i do a lot of work on my phone and so i would like an option to run the app while using my phone, without it killing a tree!",positive,positive,0.8917207717895508,0.0152890645,0.09299022,0.8917208
good app easy to use. the lens correction function doesn't seem to work though. but maybe i am unaware of how it's supposed to work.,positive,positive,0.6486358046531677,0.011191629,0.34017253,0.6486358
there should be feature by which we can see who saw my message in a group and who doesn't. like we have in what's app,positive,neutral,0.49988940358161926,0.023240577,0.4998894,0.47687006
"can we get this to, somehow, plant an actual tree? say, for a certain amount of trees grown succesfully a tree gets planted at some forest in need.",negative,neutral,0.5046990513801575,0.048032194,0.50469905,0.4472687
contains alot of ads,positive,neutral,0.6600899696350098,0.19650161,0.66008997,0.14340836
can't search area,negative,negative,0.7020928263664246,0.7020928,0.27584606,0.022061123
good app for team communications,positive,positive,0.7253444194793701,0.014560278,0.26009533,0.7253444
stopped showing up in my status bar,neutral,neutral,0.49021363258361816,0.42841816,0.49021363,0.0813683
use it for studying,positive,positive,0.8166689872741699,0.0338787,0.14945239,0.816669
too much ads i dont want uc news stop showing me ads to download uc news,negative,negative,0.8352572321891785,0.83525723,0.14824152,0.016501212
installed this app on my zt <number> tablet but wont work annoying!,negative,negative,0.9623667001724243,0.9623667,0.030974682,0.0066586374
the tree does not die no matter which app i <url> i have tried every setting possible but it doesnot <url>,negative,negative,0.7376713752746582,0.7376714,0.23288307,0.029445501
i love  this app,positive,positive,0.7571607232093811,0.07020237,0.1726369,0.7571607
need to have female and males,neutral,neutral,0.595639169216156,0.27506644,0.59563917,0.12929441
add tick tick clock sound in it,positive,positive,0.7553603649139404,0.01916177,0.22547786,0.75536036
the radar won't work with samsung galaxy s <number> . so lame,negative,negative,0.9476121068000793,0.9476121,0.044269443,0.008118553
great app. and loads pdf docs faster than many other apps,positive,positive,0.8986539840698242,0.021116367,0.08022961,0.898654
"fun app! wish i could draw some added details, but fun anyway.",positive,positive,0.8408825993537903,0.013833373,0.14528401,0.8408826
pretty cool app to have.,positive,positive,0.7074624300003052,0.015691137,0.27684638,0.70746243
"clumsy auto-import, but great overall",positive,neutral,0.8085855841636658,0.04070873,0.8085856,0.15070568
useless without raw support,negative,negative,0.9589148163795471,0.9589148,0.03177016,0.009314974
tried to use it for my team at work but they just wanted to use the whatsapp groups they currently do which is basically the same thing.,neutral,neutral,0.5747427940368652,0.30160314,0.5747428,0.123654045
i think this a smart browser but opera mini fast then uc but good effort by devolpers,positive,positive,0.611701488494873,0.014594008,0.37370452,0.6117015
i am facing problem while using it needed to work on user interface its getting slow and hangs sometimes,neutral,neutral,0.5421221852302551,0.4115038,0.5421222,0.046374034
"it's an ok app, compared to whatsapp and line messenger",neutral,neutral,0.539201557636261,0.014198219,0.53920156,0.4466003
"won't open any .pdf files on my tmo vibrant (bionix <number> . <number> ), useless.",negative,negative,0.9736058115959167,0.9736058,0.019898778,0.0064954516
can you fix the quality of display picture,positive,neutral,0.518135130405426,0.036526453,0.51813513,0.44533846
can't move app to sd card,neutral,neutral,0.5568979382514954,0.39846137,0.55689794,0.044640753
good app but more facilities we exprcted,neutral,neutral,0.590779721736908,0.023422526,0.5907797,0.38579783
app works great. consider changing the red triangular notification to a solid red color in the notification bar in android. on my note <number> it appears as transparent in the notification bar at the top.,positive,positive,0.8271263837814331,0.016607173,0.15626653,0.8271264
plz update it it stick in the loading screen forever,negative,neutral,0.6201459169387817,0.25553662,0.6201459,0.124317564
i like it but i wish there were more things and i wish we could customize shirts and stuff,positive,positive,0.8735683560371399,0.0104366345,0.11599501,0.87356836
my messages aren't going through to anyone. please fix immediately.,neutral,neutral,0.47375547885894775,0.46415725,0.47375548,0.06208733
"i love it, but i'll select one to use and then it will show the new one sent, but a short time later, it will show that i resent an old one, not the one i just selected.",neutral,positive,0.7931190729141235,0.017677607,0.18920335,0.7931191
my radar has stopped working! i've never had a problem with it until today please fix!,negative,negative,0.9182870984077454,0.9182871,0.070085146,0.011627748
working properly for awhile and crashes later on,neutral,neutral,0.5323092341423035,0.32210442,0.53230923,0.14558633
"a well-crafted, simple app",positive,positive,0.9160454273223877,0.014415251,0.06953937,0.9160454
it was okay at the start and got me focussed but my phone's screen timed out and locked and then my tree withered. please fix this,negative,neutral,0.7468985319137573,0.15095615,0.74689853,0.10214533
it's pretty useful!,positive,positive,0.8302622437477112,0.010671112,0.1590666,0.83026224
why can my friends get the bitmojis with two people but i can't? frustrated.,neutral,neutral,0.7550274133682251,0.17768909,0.7550274,0.06728347
remove obscene quotes and gestures,negative,negative,0.4774744510650635,0.47747445,0.43225235,0.090273224
pretty good. app wish it let you face scan yourself.,positive,positive,0.8404386639595032,0.011694386,0.14786693,0.84043866
very good but crashes often,neutral,positive,0.4997204840183258,0.024268806,0.47601077,0.49972048
"lacking lens correction and blur features, otherwise i'd love it. please consider adding these, otherwise i'll have to use photo mate r <number> , cause while it doesn't have blur feature's it has great lens correction features so i can get my chromatic aberration effect : <number>",positive,positive,0.7030463814735413,0.02106796,0.27588567,0.7030464
the animation stopped working please fix!,negative,negative,0.9239189028739929,0.9239189,0.06354824,0.012532893
goood one no one can see images unless u do hd,positive,negative,0.5878767967224121,0.5878768,0.36548075,0.046642393
the app lags and consume lots of space.,negative,neutral,0.484144389629364,0.47106156,0.4841444,0.044794112
"great app, using for an <url> but, could it be upgraded with the feature 'desktop mode' ?",positive,positive,0.6688238978385925,0.02089168,0.31028444,0.6688239
it was good before,neutral,neutral,0.6550375819206238,0.18731695,0.6550376,0.15764542
i like the old spark better it was more accurate cuz it told you exactly how many miles away the lightning was now you gotta zoom in on the map just to see in a round about ways of where the lightning <url>,neutral,positive,0.51780104637146,0.02782299,0.454376,0.51780105
"i really like it, but for a while now it hasn't been making my tree die when i touch my phone. also, after completing a set amount of time there's another number underneath my tree. i can't figure out what this means.",positive,positive,0.6934776306152344,0.017311975,0.2892104,0.69347763
annoying buttons below the chat text box.,neutral,neutral,0.7510626912117004,0.15623394,0.7510627,0.092703424
i like this app for esuy to watch movie,positive,positive,0.823517382144928,0.021353183,0.15512952,0.8235174
"aaa please tell me why it doesnt show my cherry blossom <url> i just unlocked it with <number> coins, and i cant find it to grow it. arghh its frustrating.",neutral,neutral,0.49253812432289124,0.47640386,0.49253812,0.031057984
needs to save where you last left off thats all it needs <number> stars when it updates,neutral,neutral,0.6606296300888062,0.24493572,0.66062963,0.09443457
the app draws the mobile addict in you and plays with his/her psyche.,positive,positive,0.5117508172988892,0.1002119,0.38803732,0.5117508
it is helpful for fast downloading,positive,positive,0.869291365146637,0.010312276,0.12039637,0.86929137
hard to access emojis/sticker,positive,negative,0.759475827217102,0.7594758,0.21961248,0.020911649
why this app has become so big? earlier it used to be only <number> mbs now its <number> . please reduce the size. <signature>,neutral,neutral,0.605280876159668,0.28842565,0.6052809,0.10629346
directions make no sense,negative,negative,0.7185948491096497,0.71859485,0.24711858,0.034286622
great app for photography but,neutral,positive,0.7251913547515869,0.018988103,0.25582057,0.72519135
why can't they fix these issues,neutral,neutral,0.6308649778366089,0.2626718,0.630865,0.106463216
not working with whats app,negative,negative,0.9311537742614746,0.9311538,0.056654755,0.0121914735
you have to put the search option in the app,positive,neutral,0.5863442420959473,0.27202564,0.58634424,0.14163017
"its very usefull, also good <url> !!!",positive,positive,0.8611978888511658,0.011912399,0.12688975,0.8611979
"its good. but the problem is whenever i charge my phone, and the forest app has been running, the moment the charging the moment the tree died. and i do not get a single coin. lol is not my fault that the tree died, but what i got-o coins and a dead tree.",neutral,neutral,0.7986248135566711,0.02182026,0.7986248,0.1795549
tel me what to do,positive,neutral,0.46793803572654724,0.4621849,0.46793804,0.06987711
some websites say i don't have adobe even though i have this loaded.,neutral,neutral,0.5301834940910339,0.38603038,0.5301835,0.08378609
it is easy to find your distination but there is always a less price,neutral,neutral,0.4904825985431671,0.020075537,0.4904826,0.48944196
i havent many friends here,positive,neutral,0.5251113176345825,0.41956526,0.5251113,0.05532337
"would like updates on the sun over a <number> hour loop, as well as wind maps, water temps. but one of the <signature>",positive,positive,0.8070524334907532,0.010963985,0.18198355,0.80705243
where are the local adjustments?,positive,neutral,0.5710583925247192,0.17455785,0.5710584,0.2543837
very easy to <url>,neutral,positive,0.8537377119064331,0.019012183,0.12725008,0.8537377
easy to use very good deal.,positive,positive,0.9081857204437256,0.012417173,0.07939715,0.9081857
this app doesnt want to sign me up,neutral,negative,0.973181426525116,0.9731814,0.020354912,0.0064635803
always showing install even it has already installed,positive,neutral,0.5161029100418091,0.13249686,0.5161029,0.35140026
the zooming feature is slow and consequently difficult to use.,neutral,neutral,0.7630814909934998,0.16744709,0.7630815,0.06947144
great tool for on the go!,positive,positive,0.8846480846405029,0.013448002,0.10190399,0.8846481
raw format not supported,neutral,neutral,0.5689035654067993,0.33268684,0.56890357,0.09840969
"it's a cool thing to have, but it won't sync up with the mozilla addon",positive,neutral,0.7995196580886841,0.024878327,0.79951966,0.17560202
great app but keeps crashing,neutral,positive,0.48774367570877075,0.05423231,0.45802405,0.48774368
"bbm is good ,hate the adverts",positive,neutral,0.5942089557647705,0.3312388,0.59420896,0.07455218
how about a tablet ui?,neutral,neutral,0.6316398978233337,0.11875281,0.6316399,0.24960731
prefer the website more,neutral,neutral,0.6290117502212524,0.09025975,0.62901175,0.28072846
"good design. hope the plant real trees is a true story! also, why the highest ranking people are mostly asian? should expand your customers",positive,positive,0.7705588340759277,0.013711631,0.21572953,0.77055883
"i am not disappointed, but pixlr is still a way better software.",neutral,neutral,0.7024145126342773,0.075336054,0.7024145,0.22224948
"i love playing with bitmojis. the clothes in the personalization could use some updating, though. very little are things i'd ever actually wear. it would also be nice to add friends directly on the app to interact with their own bitmojis outside of snapchat.",positive,positive,0.8640993237495422,0.012187752,0.12371289,0.8640993
i love it. i just wish i could delete images that i find offensive and would never use.,positive,positive,0.8490450978279114,0.03122655,0.11972832,0.8490451
i think in the new update they let you color customize any hair style and let you put cuts in your eyebrows.,positive,positive,0.8384343981742859,0.019282334,0.14228334,0.8384344
automatically resizes with no way to change!!,negative,negative,0.9632207751274109,0.9632208,0.028963098,0.007816118
don't like the new update,positive,neutral,0.6033212542533875,0.344361,0.60332125,0.052317724
i like my bbm now . <signature>,positive,positive,0.7681781649589539,0.020965252,0.21085656,0.76817816
no more trees since update. just shrubs :'(,positive,neutral,0.6238636374473572,0.23806399,0.62386364,0.13807243
would not updated on my phone and i tried like <number> times,negative,neutral,0.6886782646179199,0.191232,0.68867826,0.12008983
"needs more body shapes and sizes, as well as face lines around nose/cheeks",positive,neutral,0.6248849630355835,0.02953185,0.62488496,0.3455832
took away floating head in txt,negative,negative,0.8102555871009827,0.8102556,0.16296181,0.02678258
stopped working on my phone since the last update. will bring rating up when the problem is fixed.,negative,negative,0.539004921913147,0.5390049,0.417935,0.043060075
works well. most of my pdf files require me to enter a username and password. this app will not allow me to. any chance of adding that?,neutral,neutral,0.6020832657814026,0.020679863,0.60208327,0.37723693
"it's <url> ,add select area <url> mean make selection by <url>",neutral,neutral,0.5118542909622192,0.049552012,0.5118543,0.43859372
app doesn't always work. temp won't show in n status bar. doesn't keep track of moving locations,neutral,negative,0.7865908741950989,0.7865909,0.19732605,0.016083037
i hate this update,negative,negative,0.9611590504646301,0.96115905,0.031876717,0.0069641834
new updates are beyond worse,negative,negative,0.5034809708595276,0.503481,0.41379896,0.082720034
where is wbug elite i paid for???,negative,negative,0.9429046511650085,0.94290465,0.04644183,0.010653466
make the time lapse between editing each feature shorter,positive,neutral,0.7599820494651794,0.07175665,0.75998205,0.16826133
add one more feature,positive,positive,0.7017704844474792,0.02207185,0.27615762,0.7017705
the app was useful but avg virus scanner said it contains malware so i'm uninstalling to be safe,negative,neutral,0.5441997647285461,0.38403845,0.54419976,0.071761705
i couldn't open it.,negative,negative,0.9561073780059814,0.9561074,0.036185622,0.0077070445
i think that uc is very nice,neutral,positive,0.6480531096458435,0.017720874,0.33422607,0.6480531
mis the original bbm,negative,negative,0.5695502758026123,0.5695503,0.33906162,0.0913881
new ui tanks usability,negative,positive,0.5390685796737671,0.054451227,0.40648016,0.5390686
this app is so good,positive,positive,0.6223095655441284,0.024279177,0.35341123,0.62230957
doesn't work on my htc droid eris!! can't open pdf attached emails. uninstalling!!,negative,negative,0.971427857875824,0.97142786,0.021773217,0.0067989104
it's very good app for android mobile s,positive,positive,0.8545551896095276,0.0118554225,0.13358931,0.8545552
temp is all wrong,neutral,negative,0.7539213299751282,0.75392133,0.2070729,0.039005727
id's easy to use and very helpful,positive,positive,0.9074402451515198,0.011163631,0.081396155,0.90744025
"it seems everytime we're about to get severe weather, the app stops working. radar doesn't work, storm tracking doesn't <url> most critical time for something to work is during or before a storm, such as we're supposed to get today. this app works great on bright, sunny <url> 't depend on it if a storm is brewing though. it will quit working on you.",neutral,neutral,0.7080904841423035,0.2104864,0.7080905,0.081423044
i guess its just the world i live in???,negative,neutral,0.6760151386260986,0.05775568,0.67601514,0.2662292
just an idea. when editing/creating my bitmoji i think it'd be neat to have the option to mix and match parts of different outfits together or even change colours of parts.,positive,positive,0.5695621371269226,0.023580624,0.40685725,0.56956214
app is good. no weather forecast is <url> very vague predictions.,positive,neutral,0.8156144618988037,0.09435506,0.81561446,0.0900305
cannot attach pictures to reviews,neutral,neutral,0.6151501536369324,0.3197273,0.61515015,0.06512257
great weather app! easy to use and quick to load. only wish it was easy to find a forecast video on it.,positive,positive,0.9023749232292175,0.01289449,0.084730595,0.9023749
issue on local wifi,neutral,neutral,0.5851952433586121,0.2894102,0.58519524,0.12539461
i dont like this app,negative,negative,0.750116229057312,0.7501162,0.22445785,0.025425872
on the right track,positive,neutral,0.5308023691177368,0.11510287,0.53080237,0.35409474
best app for browsing,positive,positive,0.8587631583213806,0.014150733,0.12708618,0.85876316
needs a dark mode for the notification bar. hate the bright white glaring at me.,positive,neutral,0.8072283267974854,0.092320316,0.8072283,0.10045132
"good app, but it doesn't support gif in android",positive,neutral,0.8137315511703491,0.030296788,0.81373155,0.15597163
<salutation> i tried to sign in and i gave my email and password and from u a email also came but what next to <url> tried to click check again and continue but nothing happened,positive,negative,0.8691319823265076,0.869132,0.1149731,0.015894892
been using for several months now as a communication tool for various members of a nonprofit organization. it's only downfall that i can see are the occasional missed update alert and that there is no notification badge on the icon.,positive,positive,0.689124584197998,0.041637514,0.26923794,0.6891246
works for what i need,positive,positive,0.8097132444381714,0.032213174,0.15807362,0.80971324
it's saying it's not up to date so i can't view my file. -htc evo,neutral,neutral,0.7042863368988037,0.18193375,0.70428634,0.113779925
when you know how to use it it's pretty fun and useful same with adobe photoshop touch i have a ton of fun with that but you just have to know how to use it or it will not be fun that's why people are reading it for star i read it <number> stars i love it but only because i know how to use it,positive,positive,0.8208843469619751,0.015489926,0.1636257,0.82088435
best app ever ( my opinion),negative,positive,0.8548223972320557,0.018186387,0.12699121,0.8548224
doesn't tie your account to gmail - so every new phone (or reflash) you have to retype <url>,negative,negative,0.7750555276870728,0.7750555,0.20239757,0.022546977
great application for team collaboration,positive,positive,0.9101863503456116,0.01637694,0.07343671,0.91018635
"crash easily,make my phone <url> its a great <url> u!",positive,positive,0.5993736982345581,0.033999093,0.36662713,0.5993737
the menu bar above keyboard is annoying,positive,neutral,0.7348985075950623,0.16835593,0.7348985,0.09674549
it's an essential tool.,positive,positive,0.8881750106811523,0.015239486,0.0965855,0.888175
this bbm doesnt work properly with the samsung notebook <number> . it is always showing limited bbm access. pls fix this,neutral,negative,0.8340728282928467,0.8340728,0.14822358,0.017703637
"unless i open the app, i get no notifications even when my name is mentioned",negative,negative,0.5763716697692871,0.57637167,0.37124297,0.052385315
it's good app but need more apps related chat process,positive,neutral,0.5330121517181396,0.014434219,0.53301215,0.4525536
"doesn't open all pdfs. i do a lot of work dealing with architectural plans. this does not render all of the pdfs (some open fine, others open blank).",negative,negative,0.6312475204467773,0.6312475,0.33519703,0.033555448
quick way to book a motel when you need too,neutral,positive,0.518427312374115,0.024617711,0.456955,0.5184273
can get out of the app by home button and use your <url> timer runs in the <url>,neutral,neutral,0.7361783385276794,0.11820897,0.73617834,0.1456127
"honestly a joke compared to the desktop version of lightroom. i have one of the most powerful phones in existence and this app can't even scroll without lagging. i reinstalled today, <number> months later to find not only has nothing changed but my trial has expired and i now need to pay to use a laggy gimped version of software i already own.",negative,neutral,0.53864985704422,0.3651282,0.53864986,0.09622197
better for <url> !!!! you will try <url> !!!!,neutral,neutral,0.5766816735267639,0.28824174,0.5766817,0.13507667
backup feature was awesome,positive,neutral,0.4734315574169159,0.085423626,0.47343156,0.44114482
amazing to use this one like superb,positive,positive,0.9023030996322632,0.018925155,0.07877178,0.9023031
i can't post on any website.,neutral,negative,0.8333520293235779,0.833352,0.14969523,0.016952757
want some other features,neutral,neutral,0.6186844110488892,0.027868364,0.6186844,0.35344726
this app is not user friendly,neutral,negative,0.8261529803276062,0.826153,0.15304293,0.020804066
force closes <number> / <number> !,negative,negative,0.9176645278930664,0.9176645,0.06553212,0.01680338
what a waste of this apps effort the image meta data are always show false info when export image to gallery,negative,negative,0.9622281789779663,0.9622282,0.029739331,0.008032547
it's a nic app n helpful <url>,positive,positive,0.7620265483856201,0.014326827,0.22364655,0.76202655
how to change time ??,neutral,neutral,0.5604544281959534,0.22947752,0.5604544,0.21006806
it's ok but this new version is not so impressive,neutral,neutral,0.8048266172409058,0.021745471,0.8048266,0.17342798
this is a good movie downloader,positive,positive,0.7731425762176514,0.016850717,0.21000665,0.7731426
want my old avatar can't find it,negative,negative,0.6682294011116028,0.6682294,0.30044654,0.03132408
best of pdf file app,positive,positive,0.8748048543930054,0.017916428,0.10727866,0.87480485
i would have gave <number> stars if y'all had more cute outfits for the girls to wear that is seasonal appropriate,positive,positive,0.7232460379600525,0.024222063,0.2525319,0.72324604
was ok but i can easily use other apps when i press home,negative,neutral,0.7872298359870911,0.06477012,0.78722984,0.14800008
"useless. can't log in using the app at all. deleted and reinstalled several times, still no luck.",negative,negative,0.974640965461731,0.97464097,0.019092372,0.006266572
"easy to use, but if i plant a tree to grow and then leave the app it doesn't die. don't know if that's a bug in the app, but knowibg it won't die once i exit the app gives me no reason to stay focused",positive,neutral,0.8129673600196838,0.049445864,0.81296736,0.1375868
cuts down on paper usage.,positive,neutral,0.5319108963012695,0.37795168,0.5319109,0.090137444
<salutation> then dropped it. and now the radar animation doesn't work.,negative,negative,0.9715288877487183,0.9715289,0.022001157,0.0064699533
"good idea, but too slow on android. much better on desktop.",negative,neutral,0.825547456741333,0.04330253,0.82554746,0.13115
"like everything about it, except that the radar animation is a little clunky.",positive,neutral,0.5842592120170593,0.017651455,0.5842592,0.39808935
it's the king when it comes on downloading from internet i really appreciate it,positive,positive,0.8763400912284851,0.01888476,0.10477512,0.8763401
"i'm using uc browser from many years and its was amazing but from the last update i got, it get <url> everytime i open new site, it shows an error everytime. please fix this.",neutral,neutral,0.7339795231819153,0.16833648,0.7339795,0.09768395
cant install this app on my s <number> . error cant install in default location,negative,negative,0.9540284276008606,0.9540284,0.039267607,0.0067039514
needs to include precipitation estimates,neutral,neutral,0.766667366027832,0.06806132,0.76666737,0.16527139
new version is a step back,negative,neutral,0.4194773733615875,0.31178477,0.41947737,0.26873788
great but watch little bug,neutral,positive,0.800918459892273,0.018778885,0.18030258,0.80091846
i love this app.,positive,positive,0.8185967803001404,0.047821082,0.13358213,0.8185968
"love the idea, and as long as i didn't touch my phone notifications and such didn't ruin my progress. however if i try to exit out of the app (to use whitelisted apps like my calculator) then it 'killed' my trees.",neutral,positive,0.5696260929107666,0.042915046,0.38745883,0.5696261
"my mom found this before i did! i'm <number> and even i like it. lol great for all ages. you can make it look just like you to every detail, many clothes and accessory choices, and when you want to send a text to somebody they basically have everything you might want to say to somebody in a text or to reply back to somebody in a text message. plus cute little emojis of yourself doing things.",positive,positive,0.9061064720153809,0.01266835,0.08122512,0.9061065
ads ads ads everywhere,neutral,negative,0.9224416613578796,0.92244166,0.06649667,0.011061701
has gotten a bit better since last review. i really like the lightning strike display. helps me with my lightning photos,neutral,positive,0.9046437740325928,0.012358423,0.08299776,0.9046438
i really enjoy it,positive,positive,0.877464771270752,0.020299522,0.10223572,0.8774648
i rely on accurate radar as i work outside everyday on a golf course. the daily and the hourly forecast constantly contradict each other though now and it's hard to figure out what the actual weather will be so i can only really rely on radar.,positive,positive,0.5981382727622986,0.032925412,0.3689363,0.5981383
"i enjoyed it, but the app deleted all of my purchases, such as trees and sounds",neutral,neutral,0.47917279601097107,0.049466867,0.4791728,0.47136033
so far it's good,positive,positive,0.5541849136352539,0.012323391,0.43349177,0.5541849
would like some custom messages when trees are planted,positive,positive,0.7614644765853882,0.014530274,0.22400522,0.7614645
used to be good,negative,negative,0.8023150563240051,0.80231506,0.17819077,0.01949421
make category select bradcast message!,neutral,neutral,0.5168848037719727,0.11781806,0.5168848,0.36529714
causes allot of problems will change dates etc when making a booking. prob better off staying with web page.,negative,neutral,0.6784947514533997,0.25083926,0.67849475,0.07066601
reflow feature quirky. can't somehow help feeling suspicious it is bugridden inside.,negative,neutral,0.814061164855957,0.06341564,0.81406116,0.12252322
i don't <url> i can't understand this appp,neutral,negative,0.9244102835655212,0.9244103,0.06562447,0.009965248
crashes on galaxy s,negative,negative,0.789591908454895,0.7895919,0.1726751,0.03773295
force closes all the time. from a company with a good to great rep. i had expected better,negative,neutral,0.4704192280769348,0.10939079,0.47041923,0.42018998
great <url> ruined with ads,neutral,negative,0.8658856749534607,0.8658857,0.10293844,0.031175861
worst experience at hotel,negative,negative,0.9656615257263184,0.9656615,0.026823822,0.0075146644
heating and battery problem,neutral,negative,0.6171727180480957,0.6171727,0.33281037,0.05001696
fed up with advertisements. oh my gosh. cannot tolerate this application anymore,negative,negative,0.8781276941299438,0.8781277,0.107918516,0.013953732
this is the fastest app searching mode,positive,positive,0.7283284664154053,0.036135834,0.23553571,0.72832847
"nice app for managing ongoing projects, teams, groups.",positive,positive,0.9156156778335571,0.0131627275,0.071221605,0.9156157
is not allways up to date with current weather.,positive,neutral,0.7834388017654419,0.14635454,0.7834388,0.07020661
realy superrrr <url> saver app,positive,neutral,0.5528720021247864,0.2443785,0.552872,0.2027495
<number> day trial? and then creative cloud?,negative,negative,0.8950687050819397,0.8950687,0.079541706,0.02538965
the print button keeps shutting itself down,positive,negative,0.5661969184875488,0.5661969,0.39217392,0.04162912
average performance in download,neutral,neutral,0.7543405890464783,0.11608144,0.7543406,0.12957804
animation on radar stopped,negative,negative,0.8876458406448364,0.88764584,0.09206429,0.02028999
"so far so good. surfing is made enjoyably interesting, thumb ups.",positive,positive,0.8671589493751526,0.012054141,0.12078686,0.86715895
bbm sucks on my galaxy s <number> mini .,negative,negative,0.9344514608383179,0.93445146,0.056829866,0.008718676
what did i download?,negative,negative,0.5024263262748718,0.5024263,0.39603528,0.101538464
my favourite editing apl,positive,positive,0.8464579582214355,0.024055576,0.12948652,0.84645796
so easy to use and appropriate advice,positive,positive,0.9135316014289856,0.013841037,0.072627425,0.9135316
doesn't work properly.,negative,negative,0.9446080923080444,0.9446081,0.045587916,0.009804018
"generally good, sometimes price filter doesn't work well.",positive,positive,0.6753060221672058,0.011327386,0.31336665,0.675306
love this app pretty accurate,positive,positive,0.9014930129051208,0.020739969,0.07776699,0.901493
as much as <number> degrees off!,negative,neutral,0.46926167607307434,0.21017703,0.46926168,0.3205613
used to be good,negative,negative,0.8023150563240051,0.80231506,0.17819077,0.01949421
"this app helps me be productive, but since the update, i can't plant the trees i had previously bought.",positive,positive,0.745569109916687,0.013283184,0.2411478,0.7455691
dell streak:force close sometimes. blank pages sometimes. need bookmark feature and ability to continue from last read page.,neutral,neutral,0.7790353894233704,0.13664383,0.7790354,0.08432077
"if your in a hurry, i'd recomed calling, it takes a wile to fill out the information.",neutral,neutral,0.7082836627960205,0.12757261,0.70828366,0.16414374
good but not good as web version,positive,neutral,0.8071019053459167,0.061919365,0.8071019,0.13097875
problems working over wi-fi,negative,neutral,0.6220921874046326,0.31805357,0.6220922,0.05985428
it's ads all the way,negative,negative,0.48937734961509705,0.48937735,0.45969957,0.05092309
no password support <url>,negative,negative,0.8473461270332336,0.8473461,0.13142751,0.021226393
"good, but not perfect",neutral,neutral,0.7978341579437256,0.033222836,0.79783416,0.16894299
i wish it would work offline,positive,neutral,0.5554623603820801,0.027066477,0.55546236,0.4174711
cloud based apps do not work for me. with pathetic network services in our region it becomes frustrating to use. pity. will have to uninstall,negative,negative,0.9627475142478943,0.9627475,0.030485982,0.00676653
"so disappointed with this app! why would you delete an entire account without any warnings? see i'm not mad that you deleted my account because i had iran's ip address, i'm mad because you didn't even bothered to give me a chance to take back up of my files! do you understand how unprofessional this is? so disappointed!",negative,negative,0.9282696843147278,0.9282697,0.062206354,0.009523968
this app is good,positive,positive,0.7738648056983948,0.01830244,0.20783272,0.7738648
"slow, laggy performance. thinkfree office opens my pdfs and allows smooth transitions and zooming.",negative,neutral,0.7071956396102905,0.23155569,0.70719564,0.06124863
since the update the radar doesn't work <url>,negative,negative,0.8407042026519775,0.8407042,0.13325934,0.026036417
"like the app, but could you please remove the external storage permission when i want to take a picture? i don't like granting apps dangerous permissions and i know you don't need it if you use the file provider api. <signature>",negative,neutral,0.7157581448554993,0.050768476,0.71575814,0.23347336
there is no print option i can find.,neutral,neutral,0.7017210125923157,0.22552417,0.701721,0.07275479
<url> the picture size on bbm group is too small sometime not clear. also incoming bbm call is not detected or not showed in galaxy gear s <number>,positive,neutral,0.6478322744369507,0.17901593,0.6478323,0.17315172
got stuck on trying to confirm my booking and i lost the accommodation. after that force crash. uninstall. htc desire,negative,negative,0.9483119249343872,0.9483119,0.04354957,0.008138476
please fix the radar,negative,negative,0.61126708984375,0.6112671,0.329938,0.058794875
"good adjustment, bad storage",neutral,neutral,0.7972326874732971,0.06664774,0.7972327,0.13611956
coming from adobe this is absolute garbage. fails to open pdf files. it was only <number> kb. garbage.,negative,negative,0.9730668663978577,0.97306687,0.021237498,0.0056956103
after i updated the new bbm version always getting <url> sometime the messages pending without ceklis my friend send in the morning but the messages coming after <number> or <number> hour <url> i saw on the messages the time when he send me a messages and this made my planning <url> should i didn't upgraded <url>,negative,neutral,0.6957334280014038,0.13779476,0.6957334,0.16647187
new update ruined the app,negative,negative,0.9687805771827698,0.9687806,0.024025695,0.0071937307
a widget would be nice,positive,neutral,0.5712696313858032,0.019932665,0.57126963,0.40879765
there are ads now?,neutral,negative,0.5761309862136841,0.576131,0.36293828,0.06093078
difficult when on vacation,positive,neutral,0.802058756351471,0.04689483,0.80205876,0.15104643
notifications are bonkers. (will give <number> once fixed),negative,neutral,0.6461485624313354,0.28066087,0.64614856,0.07319058
can't add new locations,neutral,neutral,0.7592169642448425,0.17092404,0.75921696,0.06985905
nice tool for inter-team communication,positive,positive,0.9123258590698242,0.012043424,0.07563079,0.91232586
it's download video very fast and all other thing,positive,positive,0.8816021084785461,0.018056517,0.100341424,0.8816021
"veru useful app only when used with its <number> rd-party integrations, yet flock is much better alternative for having more free features.",positive,positive,0.5065136551856995,0.03361571,0.45987058,0.50651366
doesn't <url> i'll go on other apps and the tree still <url> little i inventive to actually stay off the phone,negative,neutral,0.726600706577301,0.18878788,0.7266007,0.08461138
"when ever i update app,it won't work and i lost my all data many times",negative,negative,0.9553226828575134,0.9553227,0.037273757,0.007403531
doesn't work much! where's the <number> version???,negative,negative,0.7869197726249695,0.7869198,0.19389713,0.019183066
nice app fast downloading,positive,positive,0.9023003578186035,0.011437461,0.08626219,0.90230036
"the app is great, it's fun and helpful, tho when you click the home button, it doesn't die. you could fix that",positive,positive,0.861924409866333,0.014164983,0.12391062,0.8619244
"easy to use, always <url> when you book thrue them, they will charge you too much.",neutral,positive,0.8429277539253235,0.014924054,0.14214815,0.84292775
there is no jump to page option so you have to flip through every single page! its a big waste of time.,negative,negative,0.9550472497940063,0.95504725,0.03721189,0.0077408124
great and easy to use,positive,positive,0.8980531692504883,0.023640102,0.078306735,0.89805317
"cloud subscription, no <signature>",negative,negative,0.9411091804504395,0.9411092,0.0472449,0.011645876
great app to focus!,positive,positive,0.8889822363853455,0.020098856,0.090918876,0.88898224
pay when you arrive. err no,neutral,negative,0.8330819010734558,0.8330819,0.14476821,0.022149973
great apps for great team,positive,positive,0.905485987663269,0.01632032,0.07819371,0.905486
i like the appl because it connect me to a lot of people in my office,positive,positive,0.8569006323814392,0.013533721,0.12956572,0.85690063
can't open my bbm after updated,negative,negative,0.8637517690658569,0.86375177,0.119651236,0.016596975
cannot use for flash <url>,neutral,negative,0.8501800298690796,0.85018003,0.13325866,0.016561257
won't work with my text messages and have to start a new conversation to use it in messenger,neutral,negative,0.9287566542625427,0.92875665,0.06140175,0.009841601
it crashes every time,positive,negative,0.8979789614677429,0.89797896,0.0853718,0.016649202
great app for group family communication across multiple types of devices and countries,positive,positive,0.913878858089447,0.018061526,0.06805962,0.91387886
it was great radar sucks now,negative,negative,0.9450012445449829,0.94500124,0.045226574,0.009772226
missing a tablet version,neutral,neutral,0.7321724891662598,0.12963569,0.7321725,0.13819182
the browser is used very fast connecting browser,positive,positive,0.5313698053359985,0.062294476,0.40633568,0.5313698
i want a etc wallet that's all i want to invest <url>,negative,neutral,0.5413241386413574,0.15867662,0.54132414,0.2999993
not so much but good,positive,neutral,0.8022478818893433,0.050562914,0.8022479,0.14718916
well the app is kinda <url>,positive,neutral,0.6168016195297241,0.03967734,0.6168016,0.34352103
the program is very slow and can be unresponsive. there is no bookmake setting. pages take a very long time to load even when zooming in and out.,negative,neutral,0.5988108515739441,0.36301246,0.59881085,0.038176607
totally invasive and inappropriate for development. it kept people talking for every detail for hours. kill innovation and efficiency. cannot replace skype so another chat cheater. a waist of time in communication. one good point if you can make your competitors to use it. they will collapse.,negative,negative,0.9595662951469421,0.9595663,0.03176994,0.008663818
i love it. but i think it would be better to add angle correction as well is needed sometimes and i don't like having to use other apps to do this.,neutral,positive,0.8240640759468079,0.012758498,0.1631774,0.8240641
the emoticon not <url> :'(,neutral,neutral,0.5437220335006714,0.23690592,0.54372203,0.21937203
good app. had full version but they took it away. would like it back. radar not working. layers are not working. must be a weather bug.,neutral,neutral,0.7896583676338196,0.08701224,0.78965837,0.123329416
can't import my booking? what's the point of getting this app? anyone?,negative,negative,0.9033260345458984,0.90332603,0.08256618,0.014107781
"the app sometimes gets stuck on a certain temperature and you have to actually click on the app to get the correct temperature to pop up, but at least with this app i can actually get the <number> -day and hourly forecast pages to load which is something i can't get with accuweather. so i guess what i'm saying is it's probably the <signature>",positive,neutral,0.5862725377082825,0.042379044,0.58627254,0.37134844
"great, but occasionally crashes",positive,positive,0.6751865148544312,0.029813915,0.2949995,0.6751865
"crap, takes ages to loads and lags on all docs, standard pdf viewer much better",negative,negative,0.9423056244850159,0.9423056,0.04891036,0.008784016
it stops working frequently,neutral,neutral,0.5078527927398682,0.42110568,0.5078528,0.07104148
like it more than most weather apps i've tried. would recommend!,positive,positive,0.8786866664886475,0.010755883,0.11055744,0.87868667
stupid trees. too much green. too cute. memory hog. deleted it.,negative,negative,0.9641631245613098,0.9641631,0.0290749,0.006762006
plz add readout loud feature in application,positive,neutral,0.4985128343105316,0.058075264,0.49851283,0.44341192
"give error, stuck onopening",negative,negative,0.8614742159843445,0.8614742,0.12126651,0.017259266
the radar map only shows past not current,neutral,negative,0.7638688683509827,0.76386887,0.19976553,0.036365557
"the worst, the most bugged app that i've ever seen in my life! always crashing for no reason!",negative,negative,0.9714787006378174,0.9714787,0.021522623,0.0069986726
this does not work with my phone i exited the app for ages and my tree still grew.,negative,negative,0.9655584692955017,0.96555847,0.027768377,0.0066730767
the application is too slow. sometimes it just wont select the options.,neutral,neutral,0.8360319137573242,0.06355454,0.8360319,0.100413494
useless doesn't open email attachments on lg optimus,negative,negative,0.9559860229492188,0.955986,0.03714764,0.006866377
its a very good app,positive,positive,0.8061551451683044,0.011896011,0.18194881,0.80615515
good up to date service,neutral,positive,0.6110779643058777,0.013998109,0.37492394,0.61107796
luv it but u should allow us <number> make more than one character then i'll give u <number>  's,neutral,neutral,0.6949109435081482,0.02645198,0.69491094,0.27863705
"app does what it has to do, but would it be possible to implement a harder way to cancel the growth of your tree? now it takes about <number> seconds. you could make another cancel button which you have to press for <number> minute without releasing it to unlock your phone. gives you time to think if you really need to unlock it. <signature>",neutral,neutral,0.7795806527137756,0.052736126,0.77958065,0.1676833
need full raw hdr for lg v <number> !!!,neutral,neutral,0.6712956428527832,0.14545776,0.67129564,0.18324667
it wont even let me log in!!!,negative,negative,0.9731866121292114,0.9731866,0.019949542,0.0068638287
wouldn't search any locations.,negative,negative,0.9399796724319458,0.9399797,0.050330378,0.009689904
new version is not intuitive.,negative,neutral,0.7263220548629761,0.19615212,0.72632205,0.077525824
image previews don't work,positive,negative,0.7738804817199707,0.7738805,0.20431045,0.021809079
"its great, just too many ads",positive,positive,0.679719865322113,0.027933348,0.29234672,0.67971987
radar has stopped working,negative,negative,0.926332414150238,0.9263324,0.060684606,0.0129829245
has been treating me well for years,positive,positive,0.7691560983657837,0.02662967,0.20421425,0.7691561
animated radar not working,negative,negative,0.8828229904174805,0.882823,0.10123804,0.01593889
problems with internet connection s <number> edge,neutral,neutral,0.5849196910858154,0.34101656,0.5849197,0.074063785
"another login and account needed, mediocre editing",negative,negative,0.6085643768310547,0.6085644,0.35351726,0.037918326
i need a tab for news language i don't want it to be default for the place i live in my native language may be different. please look into it,positive,neutral,0.6464340686798096,0.06772024,0.64643407,0.28584573
"idea is nice, <url>",neutral,neutral,0.7118191719055176,0.04697937,0.7118192,0.2412015
useless and hang in itself,negative,negative,0.9676474332809448,0.96764743,0.02444745,0.007905153
lagging on nvidia shield tablet,neutral,neutral,0.6791848540306091,0.25298044,0.67918485,0.067834735
less taps &gt; more taps is not always true! this update clutters up the mobile app and looks horrible! bring back the drop down menu.,positive,negative,0.9474782943725586,0.9474783,0.04463679,0.007884959
great mobile app for a great platform,positive,positive,0.8687070608139038,0.022854952,0.108438015,0.86870706
easiest way to keep all my accommodation details with me when i travel.,positive,positive,0.8747376203536987,0.009357807,0.11590452,0.8747376
"there is no way to search or jump to the pages i want. so, in a <number> page document, i have to page down until i get to where i want. very poor!",neutral,negative,0.9706091284751892,0.9706091,0.02248988,0.006900907
crashes on z <number> compact,neutral,negative,0.6702383756637573,0.6702384,0.28243342,0.047328275
"can't delete any of the pdf files! someone ,help mytouch <number> g",neutral,neutral,0.48932141065597534,0.05796384,0.4893214,0.45271483
somethings wrong with this app,positive,negative,0.8885879516601562,0.88858795,0.09739435,0.014017704
well organized app. offers better deals than the hotel itself.,positive,positive,0.8910860419273376,0.01717917,0.09173481,0.89108604
faster than other app,positive,positive,0.6091461181640625,0.047382496,0.34347135,0.6091461
"decent, but needs ability to define custom notification sound. the built-in ones are too quiet and the 'device default' is too general.",positive,neutral,0.7347530722618103,0.022417359,0.7347531,0.24282955
"if you have difficulties staying focussed, then this is definitely the app for you. as trivial as it sounds, there's a real sense of satisfaction in seeing your forest grow the more time you log. the only thing i would say which could be added is social email support or facebook integration, which i believe is already a feature on the ios version. some of my friends are using it too, and seeing their forests grow (perhaps even on some kind of map next to mine?) would add an element of healthy competition!",positive,positive,0.7780234217643738,0.019748367,0.20222819,0.7780234
would be better with out ads,positive,neutral,0.6683073043823242,0.03511476,0.6683073,0.2965779
<number> star 'coz why we have to request hd quality picture first? oh <url> nobody need bad quality picture. washing <url> another chat app more better !!,neutral,neutral,0.6575663089752197,0.18785393,0.6575663,0.15457985
"my screen goes off, but when i unlock my phone, my tree dies. makes the app pointless as it forces me to keep the screen on which is distracting. great concept though.",neutral,neutral,0.7715864777565002,0.04635991,0.7715865,0.18205366
it will be better if the apps allow users to listen music while studying or doing their things,positive,neutral,0.507582426071167,0.019959368,0.5075824,0.47245818
the app is free on android but why can't i use my new unlocked tree?!,negative,neutral,0.6227277517318726,0.20255598,0.62272775,0.1747163
"not ideal, but better than a few other ""freeware"" options there with lots of adds or crappy ui.",positive,neutral,0.8351930379867554,0.046191968,0.83519304,0.11861504
add break or pause option plz,positive,neutral,0.537431538105011,0.033771094,0.53743154,0.42879727
good effort <url> try to send correct notification of the news or story.,positive,positive,0.6472618579864502,0.019413745,0.3333244,0.64726186
doesn't work keeps saying bad internet connection but all other apps work.,negative,neutral,0.591415286064148,0.34697878,0.5914153,0.06160585
did not install this app. all i did was update my phone and it was there and i can delete it! very annoying!!!,negative,negative,0.9010438919067383,0.9010439,0.08705136,0.011904649
last updates causing problems.,neutral,negative,0.5325495600700378,0.53254956,0.41673952,0.05071096
"stupid app many many ads ,don't download this app",negative,negative,0.9719371795654297,0.9719372,0.021752123,0.0063107787
too much buz for nothing so special.,negative,neutral,0.7984471321105957,0.09260293,0.79844713,0.10894983
simple but effective app to end smartphone addiction,positive,positive,0.8910274505615234,0.012799147,0.096173435,0.89102745
technology at its <signature>,positive,positive,0.6593565344810486,0.07211579,0.2685277,0.65935653
"editing is all about precision, of which this isn't good at. trying to crop is like throwing stones at a picture frame on a wall and hoping it sticks. when you get it you accidently press another button and all the work is <url> still needs some refining",neutral,neutral,0.7128086090087891,0.042829063,0.7128086,0.24436237
used to love <url>,neutral,negative,0.7389713525772095,0.73897135,0.23392986,0.027098717
bbm is really gud,positive,neutral,0.5932527184486389,0.12528162,0.5932527,0.2814656
still a good app,neutral,neutral,0.5753782987594604,0.021968564,0.5753783,0.40265316
"looks nice but the live radar always zooms in to close, i like to see the entire area around my location.",positive,positive,0.7579640746116638,0.010668505,0.2313674,0.7579641
creeping permissions. no <signature>,negative,negative,0.8988475203514099,0.8988475,0.08133639,0.019816121
don't expect to be productive on the tube,negative,negative,0.5530900359153748,0.55309004,0.4149836,0.031926326
huge apo. does not have move to sd card. standard reader v. good. uninstalling.,negative,negative,0.945920467376709,0.94592047,0.044031743,0.010047831
too many push and price not clear,neutral,negative,0.7594238519668579,0.75942385,0.21545903,0.025117096
great app but updated the app but the bug is still there where the animation plays without accessing the app so you have to tap screen to gain access to home screen. that bug has been there forever please fix!,neutral,neutral,0.6063843369483948,0.099666506,0.60638434,0.29394913
like it but need better notification settings,positive,positive,0.653969943523407,0.012793239,0.3332368,0.65396994
being a motorcycling enthusiast i like to know where the rain is and what direction it's heading.,positive,positive,0.8491935133934021,0.019952385,0.13085404,0.8491935
radar no longer works,negative,negative,0.9706946015357971,0.9706946,0.022415526,0.006889849
why i cannot play my download video?,neutral,neutral,0.48642870783805847,0.41548225,0.4864287,0.09808907
as an alternative in contacting people,positive,positive,0.7155930399894714,0.025596865,0.25881007,0.71559304
crashes all the time tells you there is no memory even on sd card. won't let you use if you decline push notifications,negative,negative,0.8969584107398987,0.8969584,0.09257906,0.010462492
what's the point?,negative,negative,0.9320629239082336,0.9320629,0.058638293,0.009298872
"i used to really love this browser but now it's just annoying .when i download files sometimes it tells me ""file doesn't exist"" and i have to redownload ,plus it lags .",negative,neutral,0.7075589299201965,0.24039951,0.70755893,0.05204153
its good but i think it should add like fortnite emojis or other characters,positive,positive,0.5065170526504517,0.0122480905,0.48123482,0.50651705
its good but now a days it slow,neutral,neutral,0.7199235558509827,0.019273782,0.71992356,0.26080263
"the emojis you can make out of it are great! however, it would be nice to implement the character doing different kinds of sports. also the app didn't have my face shape, hairstyle, and the mouth was too big for me. basically i had to go with what i could find that looked the most like me, and a bunch of people still thought that the bitmoji looked nothing like me. something else i'd like to add is that maybe for the female character, put some outfits that are t-shirts and moderate shorts, not just short shorts. i couldn't find my usual attire because of that. overall, my bitmoji only looks a bit like me so if you guys can change the face, costumes, and facial features to let more people have an accurate character, it'd be great. <signature>",positive,positive,0.7789397835731506,0.0139332935,0.2071269,0.7789398
throw this app to garbage,negative,negative,0.9609832167625427,0.9609832,0.031605806,0.007411031
very nice and helpful <url> luving <url>,positive,positive,0.8713433742523193,0.019623201,0.109033465,0.8713434
it will be better if there will be option to archive a chat,positive,neutral,0.5834618210792542,0.017599406,0.5834618,0.3989388
requesting to build a bigger forest!,positive,negative,0.47040703892707825,0.47040704,0.41966403,0.10992888
stop the stupid ads,negative,negative,0.6843485236167908,0.6843485,0.26302168,0.05262975
spark lightening no longer working,neutral,negative,0.8659235835075378,0.8659236,0.109111495,0.024964932
"slowly slowly you are making it worst app but it's your app you can do anything after all you are communist. see i don't like your inbuilt pdf viewer,video viewer app so allow user to use apps like adobe pdf reader and mx <url> and the new problem is the facebook video is not working <url> earlier i have given <number> star rating but now you are decreasing quality <url>",negative,negative,0.5037105083465576,0.5037105,0.44317603,0.05311341
doesn't export my photos most of the time,neutral,neutral,0.6013595461845398,0.34595945,0.60135955,0.05268102
still need to improve,positive,neutral,0.6449882984161377,0.052890677,0.6449883,0.3021211
no philippine peso currency?,neutral,neutral,0.4675433337688446,0.45175654,0.46754333,0.08070014
"i downloaded this app specifically to merge photos together on my backpacking adventures whilst eliminating the need for a laptop. sadly, it does not have the function to merge photos for panoramic or hdr.",neutral,neutral,0.5983926057815552,0.32726216,0.5983926,0.074345276
"pretty effective but i just noticed it doesn't pick up the usage of one of my most distracting apps (bacon reader for reddit). i was on it and thought oh no my tree! opened up to find it wasn't triggered. double checked my white list etc, everything was proper. if it doesn't block that it becomes pretty useless in my eyes",positive,neutral,0.5300073623657227,0.027379831,0.53000736,0.4426128
"awesome app. it would be sooo useful to have one button access to the lastest posts accross all channels and all workgroups, i find im spending much time digging around for the latest posts.",positive,positive,0.8758392333984375,0.013872803,0.11028799,0.87583923
its good and so easy to use,positive,positive,0.8378927111625671,0.0120203225,0.15008701,0.8378927
this isn't as good as it's siblings,negative,neutral,0.6863468885421753,0.24723773,0.6863469,0.06641534
app is good service,neutral,neutral,0.6464160680770874,0.034690745,0.64641607,0.3188932
app thinks i am a man :'),negative,neutral,0.5751388669013977,0.21604227,0.57513887,0.20881888
will not work correctly. i tryed to set the map in motion and it will not move!,negative,negative,0.9534043073654175,0.9534043,0.03858279,0.008012907
super cute but kind of difficult to use on the spot.,positive,positive,0.6149402856826782,0.019810129,0.36524954,0.6149403
"nice, but couldn't find night mode.",positive,neutral,0.5633479952812195,0.01698901,0.563348,0.41966295
"insanely unreliable - wont let me accept invites to other workspaces nor will this application even show me the invite - login inconsistency, i can auto-login with the app but when i type my password in non-app login screens it wont work. its the same password i use for other applications and i successfully login each time.",negative,negative,0.9429947733879089,0.9429948,0.04985283,0.0071524205
cant search without creating an account! they need your email so the can sell it to spammers! unistall!,negative,negative,0.9712603092193604,0.9712603,0.02250186,0.0062378445
only good not <signature>,neutral,neutral,0.7687215209007263,0.03965089,0.7687215,0.1916276
it is a waste app and waste of time. it is only useful for downloading the movies,positive,negative,0.9650759696960449,0.96507597,0.02674116,0.008182853
it's fast and i can always use it to download,positive,positive,0.8729976415634155,0.01309908,0.113903314,0.87299764
have to use and see,neutral,neutral,0.610041618347168,0.25122967,0.6100416,0.13872875
good but some issues,positive,neutral,0.5902886986732483,0.016379911,0.5902887,0.3933314
plz see sex movies it's nice in this,neutral,positive,0.5346169471740723,0.021867044,0.443516,0.53461695
wont open. it always crashes and my phone reports it having multiple errors in <number> week,negative,negative,0.9547436833381653,0.9547437,0.038510695,0.0067456104
fcs on a <number> page pdf. really?! even on my stock evo that's awesome? this reminds me of flash player on my laptop- always causing problems. adobe = crap,negative,negative,0.49844658374786377,0.49844658,0.4461308,0.055422522
"the worst app ever can't download a single <url> my downloads have been ""unsuccessful""",negative,negative,0.9724385738372803,0.9724386,0.020980388,0.0065810718
needs text search and in-document link support.,neutral,neutral,0.7385117411613464,0.053150613,0.73851174,0.20833765
it's a great app. love it and good job,neutral,positive,0.8932544589042664,0.018467272,0.08827822,0.89325446
"sometimes wonky when on wifi, but that could be internet connection issue. also wants to have high accuracy location on which will drain your phone quickly.",neutral,neutral,0.7781811952590942,0.047604952,0.7781812,0.17421384
why am i now seeing ads? lame!,negative,negative,0.9109779000282288,0.9109779,0.07661638,0.012405708
you had one job,positive,negative,0.8003320693969727,0.80033207,0.16355899,0.036108855
"it would be nice if there was an option to record voice messages.    nuisance: when i press 'backwards' in my android, i am thrown out of the app, instead of going backwards to the messages list.    nuisance: i don't see a list of last messaged people in chronological order but randomly. this drives me <url>",neutral,neutral,0.7772650122642517,0.055892464,0.777265,0.16684249
not replacement for the desktop app,neutral,neutral,0.6071513295173645,0.11921868,0.6071513,0.27362996
great app to communicate with family and friends.,positive,positive,0.9089686274528503,0.019215917,0.07181545,0.9089686
best chat application ever,neutral,positive,0.8888278603553772,0.018168733,0.093003385,0.88882786
good app bt needs new features,neutral,positive,0.5282089710235596,0.018471528,0.45331952,0.528209
it requires access permission n i dont know from where to turn on so can u plz tell m!!,neutral,negative,0.9331537485122681,0.93315375,0.0573729,0.009473304
uffff!!!! plzz don't downloaded this,negative,negative,0.9185603260993958,0.9185603,0.06978769,0.011652047
good <url> lacks some essential features,positive,neutral,0.6950355172157288,0.02295524,0.6950355,0.28200927
"the app is ok but the camera should no have any sound when you take photos, that problem is quite annoying",neutral,neutral,0.8519427180290222,0.061093565,0.8519427,0.08696381
installation corrupts gmail db on n <number> android <number> . <number>,negative,negative,0.9588454365730286,0.95884544,0.034139194,0.0070154173
i think it's a great start app!,positive,positive,0.7941836714744568,0.012062866,0.19375342,0.7941837
radar has been freezing and not moving for last month. deleted it after all this time. pos!!!,negative,negative,0.9662295579910278,0.96622956,0.027014388,0.006756075
ok till it goes wrong,neutral,neutral,0.7961096167564392,0.03170661,0.7961096,0.17218375
i rely on weatherbug every day.,positive,positive,0.8640957474708557,0.020143298,0.115760945,0.86409575
"love this app, especially the lightening strike tracker.",positive,positive,0.9023269414901733,0.018765323,0.0789077,0.90232694
there's still more to it.,positive,neutral,0.5082460641860962,0.05584508,0.50824606,0.4359089
very basic and subscription based,negative,positive,0.5918282270431519,0.080936946,0.3272348,0.5918282
no words great app,positive,negative,0.808394193649292,0.8083942,0.15465973,0.036946096
"im not use as well, i think it is bad application, i dont like.",negative,negative,0.6068245768547058,0.6068246,0.3561661,0.037009284
keeps saying photos not found whwn trying to send/ attach to people. using a note <number> <url> its not <url> it <url> pwrfect for what application i needed it for. will try again when i get new phone in a couple weeks.,negative,negative,0.6430346369743347,0.64303464,0.3322776,0.024687763
helpful for book reading,positive,positive,0.8944693207740784,0.012709389,0.0928213,0.8944693
sometimes slow but yet efficient.,positive,positive,0.7632530927658081,0.013344264,0.22340268,0.7632531
for some reason the keyboard doesn't work on my phone. and i can't do couple's bitmojis with my wife. but it's fun to use with her anyhow,positive,positive,0.5545607805252075,0.013590384,0.4318488,0.5545608
make anoying bc different ring with chat ring,neutral,positive,0.6414440870285034,0.04901162,0.30954435,0.6414441
"please make the browser application sync-able with android phones. i was able to sync a few days ago, but now it only syncs with an ios account.",positive,neutral,0.6966967582702637,0.16709788,0.69669676,0.1362054
great app. would have been a <number> if avatar could be edited,neutral,positive,0.8704373836517334,0.025449919,0.104112685,0.8704374
poor cousin to the desktop app,neutral,negative,0.8840770125389099,0.884077,0.0954085,0.020514501
i get notification for update but i can't update my bbm. please fix it.,neutral,neutral,0.6966205835342407,0.2167636,0.6966206,0.086615875
it wont let me download its saying it is but not getting it,negative,negative,0.9239717125892639,0.9239717,0.066047736,0.0099805165
force closed zenfone <number>,negative,negative,0.9200919270515442,0.9200919,0.062824726,0.017083336
cloud service only idea bites,negative,neutral,0.6037271022796631,0.14252512,0.6037271,0.2537478
i can't sign <url> :'(,neutral,negative,0.6273016333580017,0.62730163,0.32313654,0.049561806
horrible for one reason,negative,negative,0.9645723700523376,0.96457237,0.026950585,0.008477162
<salutation> opening unwanted liks,negative,negative,0.547672688961029,0.5476727,0.34068352,0.1116438
won't let me end chat,negative,negative,0.9184504151344299,0.9184504,0.071249135,0.010300487
"nice, but flow could be better.",positive,neutral,0.5410310626029968,0.013546656,0.54103106,0.4454222
it just froze up a few days <url> doesn't work at all when i click on it,negative,negative,0.8462116718292236,0.8462117,0.1399614,0.013826875
the news which displays on the welcome page is very annoying and vulgar have to be very careful when giving it to the children's at home to surf the internet and we had to use other browser in front of others as your front page containt all the vulgarity in news most of the people don't know how to disable news. the option should be visible on the front screen itself,negative,negative,0.6588704586029053,0.65887046,0.30401218,0.03711737
seems impossible to make a review,neutral,neutral,0.7831338047981262,0.16189167,0.7831338,0.054974586
reflow doesn't let you move from what's on the screen. no option to go to specific pages directly (really? scroll through a <number> + page book everytime?),neutral,neutral,0.5682494640350342,0.38602585,0.56824946,0.045724627
low score due to the lack of a dark theme/night mode in <number> !,neutral,negative,0.4849664866924286,0.4849665,0.452907,0.062126487
"no floating head, why",negative,negative,0.6705234050750732,0.6705234,0.28799692,0.041479696
bad on sms blocking,neutral,negative,0.9235801696777344,0.92358017,0.06347719,0.012942672
hated the new update,negative,negative,0.9581778049468994,0.9581778,0.034506217,0.0073160324
i find it a bit odd that the app doesn't automatically open a file. i have to go to the app and open the file from there.,positive,neutral,0.8121488690376282,0.038072076,0.81214887,0.14977898
the weather people are always wrong they suck,negative,neutral,0.5386627316474915,0.40418342,0.53866273,0.057153918
"no ""go to page"" feature? really?",neutral,neutral,0.5067126750946045,0.42510214,0.5067127,0.06818519
caused ipad safari to stop working,negative,negative,0.9140049815177917,0.914005,0.06974549,0.016249534
it's a good app to communicate with team instantly,positive,positive,0.8225226998329163,0.010629069,0.16684826,0.8225227
garbage. worthless app. i hope someone comes up with one better and more organized for people use. makes no sense. cant navigate. not worth the headache.,negative,negative,0.9742429852485657,0.974243,0.019133909,0.006623212
good but seems to be a battery drainer on lollipop,neutral,neutral,0.7082352638244629,0.017370988,0.70823526,0.27439377
like the funny <url>,positive,positive,0.5188041925430298,0.031956602,0.44923925,0.5188042
"useless app, doesn't work as described",negative,negative,0.9744558334350586,0.97445583,0.01938206,0.006162084
pdf viewer works much smoother and loads faster,negative,neutral,0.5185335278511047,0.04799263,0.5185335,0.43347386
awesome app with awful ux,neutral,neutral,0.4362095594406128,0.25751826,0.43620956,0.30627215
<salutation> why most of the time. when i finish downloading video and going to play it. it says failed to open its not like this before using old version.,negative,neutral,0.63947993516922,0.28393945,0.63947994,0.07658059
couldn't get edited photos out of lightroom!,negative,negative,0.8290858864784241,0.8290859,0.15443623,0.016477935
the update sucks!!! i lost all the trees i previously unlocked.,negative,negative,0.9671614170074463,0.9671614,0.026943197,0.0058953995
the cancellations are confusing and the will double charge,neutral,neutral,0.7523148059844971,0.18991965,0.7523148,0.057765596
"great, but eset is going off",positive,positive,0.6295258402824402,0.019567834,0.35090637,0.62952584
it is too slow app.,negative,negative,0.5496689677238464,0.54966897,0.40841055,0.041920505
good & need more development options,neutral,positive,0.7024152278900146,0.013894185,0.28369063,0.7024152
browsing fast but before download its doing re direct and suggest an other app.,positive,neutral,0.6891306042671204,0.0485441,0.6891306,0.26232535
please fix as soon as <url> cannot send message n dont have received feeds,negative,neutral,0.48636704683303833,0.44303492,0.48636705,0.07059797
too many ads dude,negative,negative,0.5084784626960754,0.50847846,0.4406935,0.050828014
through this app i get amazing deals,positive,positive,0.9009325504302979,0.0212195,0.077847935,0.90093255
very helpful & useful for media <url>,positive,positive,0.8698028922080994,0.023197252,0.106999844,0.8698029
very helpful the apps,positive,positive,0.9067258834838867,0.014643718,0.07863041,0.9067259
update screwed the app over,negative,negative,0.9613698124885559,0.9613698,0.030568533,0.0080617685
i love the variety of fashion styles this app offers. really digging on the poses & emotion statements. emoji id me. a ok,positive,positive,0.9143456816673279,0.014842922,0.07081142,0.9143457
except advertising everything is fine,positive,neutral,0.7174239754676819,0.04398918,0.717424,0.2385869
does what it's meant to do,positive,neutral,0.6928713321685791,0.06840663,0.69287133,0.23872206
it's bad browsing with opera,positive,neutral,0.5278819799423218,0.42971188,0.527882,0.042406175
storm warnings are behind. weather warnings just seams to be behind,neutral,neutral,0.6233460903167725,0.28356534,0.6233461,0.0930886
not really but they had an annoying notification getting me to rate the app so,negative,neutral,0.8268294930458069,0.05126325,0.8268295,0.12190721
was better before they started messing with it. but still a bit of silly fun,neutral,neutral,0.7833177447319031,0.0993437,0.78331774,0.11733848
can no longer save locations.,neutral,negative,0.9461371302604675,0.94613713,0.044601224,0.009261658
"i use to like this app. but now the radar animation don't work,and i use to like that. i see it doesn't work for other people either sence the upgrade.",negative,neutral,0.5948336124420166,0.35103488,0.5948336,0.054131452
it works but thats it,neutral,neutral,0.6754161715507507,0.04283632,0.6754162,0.2817475
"next update have any problems after i'm updates its say bbm not responding, and refresh page is take a long time, maybe <number> minutes, why the hell??",neutral,neutral,0.5196320414543152,0.4209298,0.51963204,0.059438117
"just downloaded it, and haven't had the chance to use it much.",positive,negative,0.8135974407196045,0.81359744,0.165703,0.020699577
inferior to the ios version.,neutral,neutral,0.4811941087245941,0.43583515,0.4811941,0.082970716
"this app just simply doesnt care if i have allowed the data access or not. despite completely stopping the access to mobile data and wifi, it still runs in the background, connects with the internet and receives the texts. extremely intrusive and not something to have installed on your phone. if this is how it behaves, then it can't be trusted. uninstalled.",negative,negative,0.9658456444740295,0.96584564,0.027950028,0.006204365
quick booking. many options.,positive,positive,0.8550987839698792,0.014003972,0.13089721,0.8550988
can't jump to pages. up arrow disappears. at least make it optional for up arrow to stay visible all the time. just plain out aggregating to use.,negative,neutral,0.724014937877655,0.21038435,0.72401494,0.06560069
very lag and make my phone so slow,negative,neutral,0.5029436945915222,0.46159637,0.5029437,0.03545999
useful and stable application <signature>,positive,positive,0.9031038880348206,0.015111197,0.08178491,0.9031039
overall a good app fast downloading and <signature>,positive,positive,0.9015101790428162,0.010316434,0.088173404,0.9015102
good place to work in groups,positive,positive,0.6786235570907593,0.012745299,0.30863118,0.67862356
good application. but needs some improvement,positive,positive,0.5808332562446594,0.01233685,0.40682986,0.58083326
good app but to much fake news and add,negative,positive,0.6228262782096863,0.013091821,0.36408195,0.6228263
cool idea with severe (ironic) bug,positive,neutral,0.7506739497184753,0.07183613,0.75067395,0.17748994
this app are clearing all data,neutral,negative,0.9574838876724243,0.9574839,0.03111351,0.0114026265
good for a waytomake moneyon the side,neutral,neutral,0.6783254742622375,0.029506505,0.6783255,0.29216814
it is very nice app,neutral,positive,0.840620219707489,0.013458115,0.14592166,0.8406202
"best editing software. ui is easy , but please remove the trial",positive,neutral,0.6681105494499207,0.071047,0.66811055,0.26084244
not visible in app tray!,positive,negative,0.549431324005127,0.5494313,0.38950887,0.061059773
the only thing i would do different is make this available on facebook i can't access it for my posts. had to uninstall and reinstall as it stopped working.,neutral,negative,0.6655269265174866,0.6655269,0.26620826,0.06826479
"would have been a perfect app excet for the fact that you cant insert the icon into your current text, but have to start a new one(text) <url> , and with every icon!",neutral,neutral,0.493899941444397,0.028750837,0.49389994,0.47734922
some issues in confirming the booking.,neutral,neutral,0.7511382699012756,0.04479538,0.75113827,0.20406626
pls also cover news of intl. importance,neutral,positive,0.6287884712219238,0.067282744,0.3039288,0.6287885
very easy to navigate,positive,positive,0.9001732468605042,0.014933732,0.084893,0.90017325
won't stop shutting down. reported several times,negative,negative,0.843040943145752,0.84304094,0.13021162,0.026747452
easy and very helpful,positive,positive,0.911683201789856,0.016773488,0.071543306,0.9116832
"there is a problem, at least in this version, each time i try to view an already downloaded city guide while i'm online, always displays the search page for hotels <url>",neutral,neutral,0.7984431385993958,0.057528295,0.79844314,0.14402856
i am just downloading the app after completion i'll increase or decrease the rating based on the app performance,neutral,negative,0.6661737561225891,0.66617376,0.292252,0.04157426
"notif now okay, ads still not ok",positive,negative,0.7942807674407959,0.79428077,0.18132493,0.024394369
"great app, too bad i'm on android.",positive,negative,0.4515133202075958,0.45151332,0.37353843,0.17494835
"it's is very effective app , but it takes too much time in opening",neutral,positive,0.6623826026916504,0.013503721,0.3241137,0.6623826
same bad it is good for search and for download but it is no to much good when i open uc browser on it home sreen or default and not save language option for my side not good,neutral,neutral,0.5487284660339355,0.39144894,0.54872847,0.059822563
not good for me,negative,negative,0.5723903775215149,0.5723904,0.36894146,0.05866809
it's good for few days later it is not working well,neutral,neutral,0.6678038239479065,0.016435768,0.6678038,0.3157603
"keeps crashing. really looked fwd to checking it out, but crashes all the time. the few times it worked the timer got messed <url> work it out!",neutral,negative,0.8128279447555542,0.81282794,0.17121497,0.01595706
the worst - yet the only <url> ckck,negative,negative,0.9623481631278992,0.96234816,0.029798469,0.007853295
i love this app!it really helped me! devs keep on fixing and constantly improving on the app. worth any all in app purchases (which are very cheap btw). just missing a widget! &lt;/ <number>,negative,positive,0.8253244757652283,0.03186354,0.14281198,0.8253245
my bbm very slow .. what happen ??,negative,negative,0.7343389391899109,0.73433894,0.24129803,0.024363037
i like booking in my computer,neutral,positive,0.6969026923179626,0.027135268,0.27596205,0.6969027
i like this app,positive,positive,0.7060718536376953,0.028379774,0.26554838,0.70607185
can't do or find anything on the app,negative,negative,0.8922742009162903,0.8922742,0.09590196,0.011823779
why open raw files ?,positive,neutral,0.6346868276596069,0.23096628,0.6346868,0.13434693
"all but useless in europe. slow to update and most features just don't work here at all. added a daily weather report, great! oh wait, it describes only one <url>",negative,negative,0.9162784218788147,0.9162784,0.068988465,0.014733167
something very wrong with the app,negative,negative,0.9439528584480286,0.94395286,0.045583013,0.0104640415
iterate this app more then ads,negative,neutral,0.6778385639190674,0.15238902,0.67783856,0.16977242
old seen should not repeat please,neutral,negative,0.6711390614509583,0.67113906,0.26810053,0.060760416
great app for traveling,positive,positive,0.8708553314208984,0.020721331,0.10842337,0.87085533
was so great <url> but <url>,negative,neutral,0.6428515315055847,0.22505268,0.64285153,0.13209578
it's a nice app,positive,positive,0.7986198663711548,0.010977746,0.19040237,0.79861987
i love this service,positive,positive,0.7957581877708435,0.057102345,0.14713952,0.7957582
larry delaney like it,neutral,positive,0.6241000294685364,0.023269476,0.3526305,0.6241
not working with google messenger,neutral,negative,0.8338819146156311,0.8338819,0.14043832,0.02567981
"i am enjoying the app very much, it was recommended by my nephew and it is everything that he said it would be!!",positive,positive,0.8953229784965515,0.018074106,0.08660288,0.895323
really only works with small documents and even then runs into freezes on motorola droid. no page jump which for books is necessary,negative,neutral,0.7409176230430603,0.13475193,0.7409176,0.12433043
"i used to really love this app until it started killing my trees just for receiving a notification that i hadn't opened yet. advanced detection is not on. may as well turn the phone off, but i use it for music.",negative,positive,0.5206189751625061,0.061892014,0.41748902,0.520619
crashes immediately after startup - can't use it!,negative,negative,0.9471726417541504,0.94717264,0.043033894,0.009793541
can't login to bbm,negative,negative,0.8726949095726013,0.8726949,0.115145855,0.012159212
an very much useful application,positive,positive,0.8561530113220215,0.018245723,0.1256012,0.856153
works great except a few things,positive,positive,0.6814820766448975,0.015959704,0.30255824,0.6814821
"<salutation> awful interface lacking any true customisation, yet another chat app that brings nothing new to the table and steals ideas from discord, an exercise in reinventing the wheel which hasn't been updated in years and crashes all the time. also i wouldn't trust this app if you value your privacy. avoid like the plague.",negative,negative,0.9637728929519653,0.9637729,0.02934695,0.006880119
good for editing bad for storage,neutral,neutral,0.6651093363761902,0.03453781,0.66510934,0.30035287
"it's <url> only downside is can't make just any emotion, but overall great",positive,positive,0.8511892557144165,0.01241328,0.13639748,0.85118926
used to work . please fix,negative,negative,0.8494232892990112,0.8494233,0.13474302,0.015833646
it would be great if there's a feature where i can sort my files in folders because it is irritating to find a certain file in my sea of different subjects.,positive,positive,0.5907363295555115,0.013226706,0.39603692,0.5907363
one thing that uc devs definitely do is to remove ads and news <url> page is annoying if we want to read then will go in news site,negative,neutral,0.712627649307251,0.17784639,0.71262765,0.109525904
nice to be back,positive,positive,0.5341975092887878,0.02152821,0.44427434,0.5341975
"in all, we have to check this.",neutral,positive,0.663828432559967,0.050428357,0.2857432,0.66382843
freezes on some files,neutral,neutral,0.6548774242401123,0.27365735,0.6548774,0.071465254
cannot save progress without spending money.,negative,negative,0.9158074855804443,0.9158075,0.07183994,0.012352576
greatly helpful. i like it,positive,positive,0.9066101312637329,0.015759097,0.077630736,0.90661013
can't even spell sydney right,negative,negative,0.9511042237281799,0.9511042,0.041821573,0.0070742304
can't even create an account,negative,negative,0.9712930917739868,0.9712931,0.0220106,0.0066962834
nice app but you put extra features in this app but app is good,neutral,positive,0.6201806664466858,0.012191822,0.3676275,0.62018067
"good, but better without all those ads like other free messengers such as whatsapp, telegram, etc",neutral,neutral,0.6401245594024658,0.017794067,0.64012456,0.34208137
wow. useless. hated it. <number> stars. (if i <url> ),negative,negative,0.968695878982544,0.9686959,0.024618383,0.006685655
"bloated, glorified chat. i use it because my company obliges me to do so.",negative,neutral,0.49564146995544434,0.40639448,0.49564147,0.097964
it dors ansolutely nothing. wastef my time!,negative,negative,0.9620446562767029,0.96204466,0.030445516,0.0075097512
superb editing in this,neutral,positive,0.8915031552314758,0.02041287,0.088084,0.89150316
"generally very good & helpful, with some good prices. free cancellation option is extremely useful.",positive,positive,0.9135279059410095,0.013085108,0.07338695,0.9135279
"the ""i'm listening to"" <url>",positive,neutral,0.5126080513000488,0.2095996,0.51260805,0.27779242
"solid app, but lacking in the tablet ux area",positive,neutral,0.7953143119812012,0.114672326,0.7953143,0.090013295
let people to create more characters,neutral,positive,0.6379740834236145,0.035528056,0.32649782,0.6379741
app is good brower is so fast but news section in uc brower is the worst thing in the world,neutral,neutral,0.7733429670333862,0.09356268,0.77334297,0.13309443
"it is good easy to use , but why i have to download opera browser to download any videos from uc browser please fix this problem .",neutral,neutral,0.6952676177024841,0.020433448,0.6952676,0.28429896
it worked better before the <url> anything posted is hard to see and get to.,neutral,neutral,0.5425586700439453,0.37773812,0.54255867,0.07970324
can't apply for instagram. please updated,neutral,negative,0.8678860068321228,0.867886,0.11638855,0.0157254
image size goes from <number> mb to <number> kb else fine.,neutral,neutral,0.7955105900764465,0.03389095,0.7955106,0.17059846
please enable apps <number> sd immediately. <signature>,negative,neutral,0.5702602863311768,0.14526235,0.5702603,0.28447738
like the app but the don't update rainfall very often.,positive,positive,0.49171990156173706,0.018734569,0.48954558,0.4917199
i liked <url> the size of this app is <url> is better,positive,positive,0.5946089029312134,0.029434672,0.37595648,0.5946089
this app is extremely bloated. for the functionality provided it should fit within <number> mb without issues.,negative,neutral,0.538178026676178,0.41394663,0.538178,0.04787534
half assed. uninstall! droid ally,negative,negative,0.9703731536865234,0.97037315,0.022871042,0.0067558377
quite nice - would be useful to edit posts from mobile,positive,positive,0.8209854960441589,0.011129076,0.1678854,0.8209855
app <number> f. temp <number> f,negative,neutral,0.5245283246040344,0.35682702,0.5245283,0.11864477
too many update it's annoying,neutral,neutral,0.7045211791992188,0.23775071,0.7045212,0.057728168
not responding to phone calls or emails. no customer service at all.,negative,negative,0.9196383357048035,0.91963834,0.06473695,0.015624683
thanks for fixing the problem,negative,positive,0.7246172428131104,0.016703978,0.2586788,0.72461724
room rate at times is misleading subject to additional charges,neutral,neutral,0.6206035614013672,0.3112918,0.62060356,0.06810457
access to files/photos/media,negative,neutral,0.4794285297393799,0.09339256,0.47942853,0.42717886
"best messaging app, not so great for file sharing though",positive,positive,0.7283475995063782,0.012618801,0.2590336,0.7283476
they want to much access,neutral,negative,0.469785213470459,0.4697852,0.4259021,0.10431266
"would love more clothing choices, glasses and skin tones.",neutral,positive,0.8916009664535522,0.012238965,0.096160136,0.89160097
line freecall is better than bbm freecall,neutral,neutral,0.6772017478942871,0.11350249,0.67720175,0.20929575
this app very nice & use very easy,neutral,positive,0.9137376546859741,0.015460574,0.07080177,0.91373765
make the dp full hd,neutral,neutral,0.594186544418335,0.09366026,0.59418654,0.31215322
good if it doesn't has annoying news banners,positive,neutral,0.6896346211433411,0.023540873,0.6896346,0.2868244
please make the lite variant of this app for smartphones with less storage.,negative,positive,0.4795464277267456,0.059637718,0.46081588,0.47954643
age group <number> to <number> years old,negative,neutral,0.4357491731643677,0.34751958,0.43574917,0.21673124
takes a lot of space,negative,neutral,0.7326126098632812,0.14642799,0.7326126,0.12095936
trible app. ui is horrible.,negative,negative,0.9314577579498291,0.93145776,0.057347342,0.011194918
loved the app very much,positive,positive,0.6658172607421875,0.07878835,0.25539437,0.66581726
this bbm is not working on my galaxy s <number> edge why,neutral,negative,0.9185332655906677,0.91853327,0.06856424,0.012902463
it's great <url>,neutral,positive,0.625990092754364,0.02771155,0.3462983,0.6259901
where is option for timer,negative,neutral,0.7201175689697266,0.055869065,0.72011757,0.22401333
well not. so good work but. some what.,neutral,neutral,0.7985091209411621,0.03904595,0.7985091,0.162445
this could be great <url>,neutral,neutral,0.5954993963241577,0.027593985,0.5954994,0.3769066
take too much space or ram to run,neutral,neutral,0.6907331943511963,0.25762793,0.6907332,0.051638857
very useful. ive used the app many times in the last few years. hv even referred others by telling them directly. wish full address address of property could be included even before booking. thats my only complaint.,positive,positive,0.883250892162323,0.013801269,0.10294788,0.8832509
i love it but she doesn't look like me after making so many changes!!,positive,positive,0.7750278115272522,0.019622542,0.20534965,0.7750278
"it's ok, but since it appears to have basic reflow why can't we have white text on black background to save battery?",neutral,neutral,0.8172691464424133,0.023297794,0.81726915,0.15943305
great!!! amazing tool for textbooks in pdf <url> i use it on my lenovo tab <number> <number> plus and it works awesome. most of my medical textbooks converted in pdf run absolutely fine with this app.,positive,positive,0.8995673656463623,0.018533852,0.081898734,0.89956737
bothering me for a rating,neutral,neutral,0.7066304683685303,0.21166132,0.70663047,0.081708245
it works great until you need to use another app. even when i whitelist apps my tree still withers,neutral,positive,0.6762151718139648,0.020854402,0.30293047,0.6762152
good weather overview. occasionally buggy (no pun intended).,positive,positive,0.7363475561141968,0.012801013,0.25085148,0.73634756
when it works is great,neutral,neutral,0.7038466334342957,0.16398525,0.70384663,0.1321682
radar map doesnt work at all since last update. please fix and get <number> stars,negative,negative,0.9441052079200745,0.9441052,0.045723114,0.010171652
"how do i use on facebook,?",negative,neutral,0.623223602771759,0.12077009,0.6232236,0.25600636
used to be my favorite app,negative,negative,0.8056159019470215,0.8056159,0.1758264,0.018557645
its all good except for one thing.,neutral,neutral,0.707186222076416,0.017904088,0.7071862,0.2749098
to good to be true,positive,neutral,0.6120812892913818,0.05423047,0.6120813,0.33368826
this app is useful for me,positive,positive,0.8580204248428345,0.01352523,0.12845434,0.8580204
"only worked for a day, then the app would never open and kept saying there was a error. uninstalled the re-installed <number> times never worked again",negative,negative,0.9614226818084717,0.9614227,0.03202214,0.006555132
not able to open pdf's downloaded to sd <url>,negative,negative,0.6504999995231628,0.6505,0.3147166,0.034783427
slow and crashes dinc v <number> . <number>,negative,negative,0.8690502047538757,0.8690502,0.115043215,0.015906526
"easy to use, fairly accurate!",positive,positive,0.9193899035453796,0.014444458,0.06616562,0.9193899
its a usefull app for informal office communication.,positive,positive,0.9024189710617065,0.012047758,0.085533224,0.902419
"facebook face detection doesn't work, so you have to start from scratch. also not enough selection to choose from.",neutral,negative,0.4884362816810608,0.48843628,0.45847192,0.053091735
more than one and add more stuff. (stuff to make the avatar),neutral,positive,0.8506100177764893,0.017350957,0.13203906,0.85061
i can't play it that sucks,negative,negative,0.8981828093528748,0.8981828,0.08996136,0.011855854
crashes during import htc one m <number>,negative,negative,0.8825410008430481,0.882541,0.09844468,0.019014332
does exactly what it says. i like it.,positive,positive,0.8584097027778625,0.012666283,0.12892397,0.8584097
i think this app is good,positive,positive,0.6278459429740906,0.013818362,0.35833576,0.62784594
great app. free cancellation should be indicated per hotel before booking.,positive,positive,0.8540196418762207,0.033196002,0.112784356,0.85401964
"it's great for pdf, i only wish it supported other book formats like epub or mobi",positive,positive,0.7959623336791992,0.011170985,0.19286671,0.79596233
"stopped working and deleted everything after a week, pretty poor i'd say",negative,negative,0.9356995224952698,0.9356995,0.0533182,0.010982304
"a couple days ago, started telling me it can't attatch the emoji to my texts, that just stinks! i have a galaxys <number>",negative,negative,0.8990398049354553,0.8990398,0.089227036,0.011733161
overall very useful app. i only don't like the fact that also sold-out hotels are shown. can be quite frustrating.,positive,positive,0.8308749198913574,0.010860421,0.15826462,0.8308749
works well. it could have been better if approximate dates were allowed in search form.,positive,positive,0.6438410878181458,0.012595912,0.34356308,0.6438411
still not as good as it could be!,neutral,neutral,0.7339438199996948,0.15415463,0.7339438,0.11190152
for more information about this review go to <url>,negative,neutral,0.5160598754882812,0.22362392,0.5160599,0.26031622
its been <number> years im using uc browser i gave a feedback that in uc browser we can't download videos directly to sd <url> have given a feedback about this past <number> years back but still uc team have not sloved my <url> service i request google team to please remove this uc browser from google <url> dnt need this kind of careless team ..,negative,negative,0.9274230003356934,0.927423,0.06299338,0.009583584
awesome app to find any <url> it,positive,positive,0.8060046434402466,0.025773805,0.16822158,0.80600464
ok permissions fix. i've updated and given back two of the four stars i'd dropped.,neutral,neutral,0.7574485540390015,0.0733683,0.75744855,0.16918314
i love the idea but can we get a weekly forest too?? that would be quite motivating!,neutral,positive,0.7471898794174194,0.011585131,0.24122505,0.7471899
it's very good for edit photos and make photos and make a design of any things,positive,positive,0.9001049995422363,0.0120112235,0.087883726,0.900105
"i really love the lightroom software for laptops and other devices, but i don't find the app really convincing when compared to the software as you just miss so many options in the app",neutral,positive,0.5066608190536499,0.021744424,0.4715948,0.5066608
"latest version is <number> . <number> . <number> , last updated on <number> th september <number> . uninstalled as abandoned. desktop is already at <number> . <number> .",negative,negative,0.9629788398742676,0.96297884,0.029179486,0.007841545
just click the back button and my tree will still <url> and i don't think i have the whitelist edit- i think your tree only dies when you open another app that isn't on your whitelist or else the list is <url> am i wrong?,positive,negative,0.5679989457130432,0.56799895,0.3946707,0.0373304
adobe products are awsome,positive,neutral,0.6430779099464417,0.08246217,0.6430779,0.27445987
latest update fails to install with 'unknown reason - <number> ',neutral,negative,0.851641058921814,0.85164106,0.12359601,0.024763009
"the app syncs messages too slowly and marking messages as ""read"" is buggy.",neutral,neutral,0.8612158894538879,0.05427553,0.8612159,0.084508516
"great service, terrible app. the app doesn't seem work with mobile internet which makes it mostly useless.",negative,negative,0.9459028840065002,0.9459029,0.04312243,0.010974711
now <number> % harder to use,negative,negative,0.7052575945854187,0.7052576,0.24768023,0.047062222
marginal but still better than others i have tried.,neutral,neutral,0.7744447588920593,0.0567011,0.77444476,0.16885419
the app doesn't provide multiple tabs at a time. it would be great if its possible.,positive,neutral,0.6121603846549988,0.022466084,0.6121604,0.36537346
good app and uesfull,negative,positive,0.7647063136100769,0.021606075,0.21368761,0.7647063
only hate the <url>,positive,neutral,0.49309390783309937,0.37279454,0.4930939,0.13411157
"i was using it every day and i think it was brilliant, even upgraded to paid version but since last update i haven't been able to access it at all as it keeps crashing. please fix it.",neutral,neutral,0.637842059135437,0.26895964,0.63784206,0.09319831
wont work for saml integration,neutral,negative,0.9520089626312256,0.95200896,0.040006604,0.007984414
good but ads are annoying,neutral,neutral,0.6389442086219788,0.017739693,0.6389442,0.3433161
"app works fine, but it is very disappointing that there is no possibility to just use the map to find available accommodation. you always have to fill a place to search, but mostly i just want to browse and see what's available, regardless of the location.",neutral,neutral,0.7619765996932983,0.020050554,0.7619766,0.21797287
worst app and if it is install u r phone become a virus attack,negative,negative,0.9680096507072449,0.96800965,0.025111215,0.0068791118
not what i'd expect from the creators,neutral,negative,0.6610743403434753,0.66107434,0.3062163,0.032709282
"won't leave my facebook, like a <url>",negative,negative,0.9391409754753113,0.939141,0.051919233,0.008939746
ads is an inconvenient thing so far,positive,neutral,0.6640739440917969,0.28257146,0.66407394,0.05335455
"i like the interface , it's really good. for me, i feel it would be nice to have a look up option when we right-click on words . it's functionality is to link up words to our dictionary apps. <signature>",positive,positive,0.8746044039726257,0.010355934,0.115039654,0.8746044
good but many <url>,positive,neutral,0.6740957498550415,0.0260408,0.67409575,0.29986346
requires photos to be imported into lightroom. i know this has how the desktop version but wish the mobile version was faster and easier to use.,neutral,neutral,0.6815974712371826,0.042408414,0.6815975,0.2759941
miss tabs to move between open docs. otherwise is fab.,positive,neutral,0.7480688095092773,0.12292518,0.7480688,0.12900606
"they stole from me i wanted a refund and because the manager of the hotel i chose treated me indifferently all because i wasn't <number> and so i emailed their "" <number> hour customer service"" and never got helped. lost $ <number> . don't use this app it is a trap.",negative,negative,0.9709599018096924,0.9709599,0.022672001,0.0063680625
my ag fans love the photos i do,positive,positive,0.8825238347053528,0.024899743,0.09257636,0.88252383
this app would be perfectly awesome if it worked with the keyboard on my tablet so that i could use it in facebook when i <url> without white backgrounds,neutral,positive,0.5163558125495911,0.03877252,0.44487163,0.5163558
"why my friends can retract or delete their messages, while i can't? i don't know what bb phone or android they have.",neutral,neutral,0.6163240075111389,0.330058,0.616324,0.053617984
it sucks non free things to choose from,negative,negative,0.9572142958641052,0.9572143,0.034954023,0.007831622
this is very good app for downloading,positive,positive,0.8362798690795898,0.017417746,0.14630234,0.83627987
not accurate information all the time,neutral,neutral,0.80564284324646,0.1178832,0.80564284,0.07647397
cannot show my reserved bookings,negative,negative,0.5707516670227051,0.57075167,0.38981837,0.039429907
i love this app,positive,positive,0.7571607232093811,0.07020237,0.1726369,0.7571607
my company forces me to use this app.,neutral,negative,0.9606271982192993,0.9606272,0.030567378,0.008805451
it's hard to cancel a booking when <url> to use,neutral,neutral,0.736770510673523,0.1928747,0.7367705,0.07035486
won't open email attachments,negative,negative,0.9605326056480408,0.9605326,0.03217183,0.0072955852
couldn't find a better suited search app. compliments to the team. trivago couldn't find these many options.,positive,negative,0.6790594458580017,0.67905945,0.2862448,0.034695763
"simple to use, don't seem to be able to see complete booking information",positive,neutral,0.627254068851471,0.04111099,0.62725407,0.3316349
absolutely one of the <signature>,positive,positive,0.9144737124443054,0.01720549,0.0683208,0.9144737
i like the reading mode specially. but sometimes it crashes.,positive,positive,0.4968791604042053,0.027006311,0.47611445,0.49687916
sounds and digital mixer cansol,positive,positive,0.6674265265464783,0.062373467,0.27019998,0.6674265
"lacks a lot of basic features such as bookmarks and ""goto page"". thinkoffice does a better job.",negative,neutral,0.7891843318939209,0.13463634,0.78918433,0.07617933
much better than asana,positive,positive,0.7282560467720032,0.037111755,0.23463225,0.72825605
better on my windows phone,negative,neutral,0.618577241897583,0.11186381,0.61857724,0.26955894
it's good but always show on screen when i switch on my home screen,neutral,positive,0.5707894563674927,0.012670712,0.41653982,0.57078946
this app is my go to when i need to know about the weather.,positive,positive,0.8622686266899109,0.023511745,0.114219636,0.8622686
"okay but not great, and not really improving",neutral,neutral,0.8233810663223267,0.065112814,0.82338107,0.1115061
it should have pause option,neutral,neutral,0.7026841640472412,0.041520953,0.70268416,0.25579485
"all is good in this app except i couldn't see any hdr option while clicking photos, may be since i use oneplus one, which also has high processing power and advanced chipset enough to support this app. so they should support many more devices like this! hope the support arrives in next update itself.",neutral,neutral,0.596162736415863,0.01946001,0.59616274,0.38437727
"professional app , useful for office purpose , easily connect to office by mobile but too much heavy unable to send messages on slow network.",positive,positive,0.8144923448562622,0.018439045,0.16706862,0.81449234
update is not starting after clicking on update button,negative,negative,0.5509352087974548,0.5509352,0.40307805,0.045986794
hate it since the update,negative,negative,0.9534770250320435,0.953477,0.03852513,0.007997825
tired of getting ripped off.,negative,negative,0.5138357877731323,0.5138358,0.43798023,0.048183974
had to sleep in the truck!,negative,negative,0.8997405767440796,0.8997406,0.08795341,0.012305967
radar stopped working. i would've given <number> star rating if it worked.,negative,negative,0.9267703294754028,0.9267703,0.06229591,0.010933725
worst experience in goa,negative,negative,0.9619790315628052,0.96197903,0.029962985,0.008057974
like it because it syncs better,positive,positive,0.8349248170852661,0.012031134,0.15304406,0.8349248
i can connect to my friends.,positive,positive,0.8476599454879761,0.02027169,0.13206838,0.84765995
i love this app,negative,positive,0.7571607232093811,0.07020237,0.1726369,0.7571607
fantastic app for downloading and easy to use,positive,positive,0.9083927273750305,0.015919823,0.07568746,0.9083927
"unable to change alert sound. not in options. unable to enable alerts per channel, on all or keywords and direct. closer to a beta than an app.",negative,negative,0.8784617781639099,0.8784618,0.10337881,0.018159384
so much fun! makes people laugh.,positive,positive,0.861891508102417,0.023217717,0.114890814,0.8618915
similar to all other photo editing apps. doesn't stand out from ythe rest.,neutral,neutral,0.569524347782135,0.071219034,0.56952435,0.3592566
the quality of display picture is so bad,neutral,negative,0.7121695280075073,0.7121695,0.25211105,0.03571936
this app is very fast,neutral,positive,0.8260266780853271,0.02668371,0.14728966,0.8260267
dear friends do not install this browser. this browser is pathrtic <url> will ads and ads on this .really annoying,negative,negative,0.8800065517425537,0.88000655,0.10691042,0.013082967
please fix so i can type!,negative,neutral,0.7021946907043457,0.115952075,0.7021947,0.18185323
able to provide sufficent info regarding hotel that want to be rent,positive,positive,0.8366203308105469,0.01759732,0.14578235,0.83662033
they make you pay to create an account!! this is outrageous.,negative,negative,0.9671627879142761,0.9671628,0.025058454,0.0077787745
"it's a great concept for assosiating a reward to focus for those of us who struggle; however, my tree withers when someone phones me and i don't answer which is obviously a piss off.",positive,neutral,0.5722416639328003,0.049045645,0.57224166,0.3787127
really a very good app,positive,positive,0.8557712435722351,0.016557803,0.12767088,0.85577124
awesome app! it will be better if you sync all your timers on your phones and chrome/mozilla extension. because i have to start to plant on my <number> phones and my browers when i'm working when you can do it just once and all your timers will start automatically. i hope you do it!,positive,positive,0.8595280647277832,0.019074732,0.12139718,0.85952806
this app is very nice,positive,positive,0.8324862122535706,0.01679801,0.15071575,0.8324862
"this app is super cute! my only complaint is that there is no piercing section! i have <number> piercings and would really like to at least have a nose ring! or maybe earrings? also think you should be able to customize outfits, like pick a shirt, bottoms, and shoes! instead of just the premade outfits.",positive,positive,0.89384925365448,0.013658986,0.09249178,0.89384925
"app is okay but has superfluous things that i will never use. including every option is okay but the ideal app would allow for complete customization of components and page information that is pertinent to the user and where they are located. additionally, collecting metrics on what users actually use versus what is weak allows for improved development of the weaker app areas. that said, i have used this app for a long time with little cause for complaint.",neutral,positive,0.7672082781791687,0.0153177595,0.21747391,0.7672083
could you please add an option for exporting photos using the png format? it would be very handy.,neutral,positive,0.7719753384590149,0.011125497,0.21689916,0.77197534
i like the reflow feature. but useless for me as i can't search nor skip to a specific page (have to scroll through entire books),negative,neutral,0.7451048493385315,0.06650991,0.74510485,0.18838523
"simple yet effective. would be great if the app had more customisation options like moving the plants around, changing the colour etc.",positive,positive,0.8939230442047119,0.01042308,0.09565387,0.89392304
uc brouser is <signature>,positive,neutral,0.42314594984054565,0.20449442,0.42314595,0.37235963
not starting since last update. please see to it. i gave <number> star so you can quickly check my issue. my phone is note <number> neo n <number>,positive,neutral,0.6330122351646423,0.21676856,0.63301224,0.15021919
doesn't work properly on nova launcher,neutral,negative,0.9158579111099243,0.9158579,0.072182335,0.011959777
"useful, informative and helpful <signature>",positive,positive,0.9113808274269104,0.01775706,0.07086216,0.9113808
still no floating head!! disappointed,negative,negative,0.5752925276756287,0.5752925,0.37008843,0.054619048
this app sucks now,negative,negative,0.9742562174797058,0.9742562,0.019305322,0.00643851
it can't find my photos,negative,negative,0.9028468132019043,0.9028468,0.08744659,0.009706675
what happened to my little shortcut!? or used to stay open in all my messaging <url> now it's gone!!,negative,negative,0.8645122647285461,0.86451226,0.11795072,0.017537063
stable and functional but not totally user friendly.,neutral,positive,0.5645784139633179,0.01623968,0.4191819,0.5645784
this is good <url>  downloading movies but many. ads are come in between browsing,neutral,neutral,0.5121821761131287,0.017458279,0.5121822,0.47035953
i don't like the company not the app,negative,neutral,0.5355454087257385,0.40456432,0.5355454,0.059890255
"great app but would love to have better clothing styles. maybe peacoats, pencil skirts etc. <signature>",positive,positive,0.891688883304596,0.0152685335,0.09304255,0.8916889
radar map will not move. it hasn't been accurate either.,negative,negative,0.9361700415611267,0.93617004,0.054295443,0.009534451
"simplistic, designed to exceed expectations and overcome limitations.",positive,positive,0.6600179076194763,0.0384867,0.30149537,0.6600179
<url> sometimes it's gone <url> hate slow,neutral,negative,0.5109604597091675,0.51096046,0.4391358,0.049903765
"i would use it more but i dont like that it has to start a new message, would be better if it would just add to the convo on the screen",neutral,neutral,0.6585955619812012,0.021855552,0.65859556,0.3195489
very bad app. it is forcing to instal. i think it is a virus.,negative,negative,0.9716783761978149,0.9716784,0.022250382,0.0060712467
better if no trial period and unlimited use for free,positive,neutral,0.5320891737937927,0.03633838,0.5320892,0.4315724
great but needs presets access,neutral,positive,0.8587342500686646,0.015803052,0.12546276,0.85873425
each time it simply keeps saying that my phone has <url> disgusting,negative,negative,0.5662277340888977,0.56622773,0.38654283,0.04722947
keeps documents in line. i really like this application!,positive,positive,0.848058819770813,0.017788649,0.13415255,0.8480588
anyone video download stop and very slow download,negative,negative,0.8479838371276855,0.84798384,0.13530107,0.016715085
used to work but no longer does. writing this review while my is growing :/,neutral,negative,0.7241966724395752,0.7241967,0.2462936,0.029509768
limited options but fun,neutral,neutral,0.6873485445976257,0.025678547,0.68734854,0.2869729
would give better but have'nt used much yet,negative,neutral,0.648939847946167,0.021094263,0.64893985,0.3299659
"app ok, but temp doesn't update in notification bar",neutral,neutral,0.8469518423080444,0.036937907,0.84695184,0.11611033
no way to redeem tickets.,neutral,negative,0.9685987830162048,0.9685988,0.02349777,0.00790343
"silly app , it would let me open google while it will kill the plant if i open calculator or dictionary",negative,negative,0.8636663556098938,0.86366636,0.12023611,0.016097581
"wow, such a pos!",negative,positive,0.7748327255249023,0.033039324,0.19212793,0.7748327
is a great app but since the update a couple of days ago i can't get radar to work. tried uninstalling and reinstalling but doesn't work.,positive,neutral,0.8051084876060486,0.06331892,0.8051085,0.13157262
"i hate start up with system, i don't use it frequently",negative,negative,0.9078860282897949,0.907886,0.08025134,0.011862552
push notifications not working,negative,negative,0.6736883521080017,0.67368835,0.29042125,0.035890453
good combination with acrobat reader. it's quite clear,positive,positive,0.8824314475059509,0.010420981,0.10714755,0.88243145
nice. update it to be more digital. very clear,positive,positive,0.873441219329834,0.014360633,0.1121981,0.8734412
nice but sometimes hanging,positive,positive,0.7126389145851135,0.0136633925,0.27369764,0.7126389
still getting to know it,positive,neutral,0.6876711845397949,0.08606408,0.6876712,0.22626472
i use it for reading articles and it's fine. would be useful to be able to open two articles at once for cross reference but otherwise happy with the app,positive,positive,0.8724542260169983,0.009957811,0.11758799,0.8724542
its better than others,neutral,positive,0.5879051685333252,0.015260432,0.39683443,0.58790517
does not work. in play store not listed as trial .come on adobe you stop down loads from your services now products do not work and listed as free we hen really a trial,negative,negative,0.9722312092781067,0.9722312,0.020917522,0.006851286
almost a good editor,positive,neutral,0.49678146839141846,0.016954292,0.49678147,0.48626417
not able to download new <url>,neutral,negative,0.7772766351699829,0.77727664,0.19472083,0.02800258
"so i create a pdf using an adobe program, then send it to my phone to see what it looks like, but it won't open! pretty lame if you ask me.",negative,negative,0.7248449325561523,0.72484493,0.2500141,0.025141023
sometime can't change display picture at asus zenfone <number> . please fix,negative,neutral,0.7120566368103027,0.10086166,0.71205664,0.18708174
really nice concept but on android it just keeps hanging and eventually crashing.,negative,neutral,0.7612080574035645,0.058730636,0.76120806,0.1800613
doesn't work on my phone. always error,negative,negative,0.9548375606536865,0.95483756,0.038011987,0.007150441
slackbot opens every time i start to type a reply in the app. started happening with the last update (note <number> ). why can't we disable slackbot? <number> star until we get this ability.,negative,negative,0.5888540148735046,0.588854,0.36001703,0.051128928
"complex app that covers all sorts of things related to travelling, maybe too many",positive,positive,0.801278293132782,0.021763414,0.17695826,0.8012783
great and more awesome,positive,positive,0.8808526992797852,0.029585011,0.089562304,0.8808527
not what i asked for,negative,negative,0.9229598641395569,0.92295986,0.06449969,0.012540366
i wish you would show canadian maps,neutral,neutral,0.49449270963668823,0.040720798,0.4944927,0.4647865
you don't allow to take in-app screenshots?,neutral,negative,0.8496243357658386,0.84962434,0.13069999,0.0196757
how about date birth,negative,neutral,0.6329143047332764,0.098600686,0.6329143,0.268485
"works great, other then not being able to delete content directly from phone.",neutral,neutral,0.6474139094352722,0.033912,0.6474139,0.31867415
can't copy/paste or add keyboard to android,negative,neutral,0.770114541053772,0.145767,0.77011454,0.08411847
can't even create a account tried more than <number> times,negative,negative,0.9702926874160767,0.9702927,0.023378422,0.0063289097
fast and good but missing features.,neutral,neutral,0.606021523475647,0.030803477,0.6060215,0.36317495
cannot get rid of floating head in my messages and it's driving me mad. i've had to uninstall the app to get rid of it &gt;:-/,negative,negative,0.9108904600143433,0.91089046,0.079391465,0.00971804
"love this app. i use it to study, but i answered a phone call and it wilted my tree. i can't really help when i receive phone calls. this one had to be answered and now i have to look at a wilted tree in my beautiful forest. i am upsetti spaghetti since i'm a perfectionist",positive,positive,0.7151134610176086,0.034280382,0.25060612,0.71511346
this app is slowly work,neutral,neutral,0.478884756565094,0.15382308,0.47888476,0.36729214
no instructions on how to delete files/pages viewed.,neutral,neutral,0.6132605075836182,0.32488275,0.6132605,0.06185679
it helps a lot.,positive,positive,0.8626453280448914,0.012679079,0.12467561,0.8626453
"need to improve performance, usablity, and <url>",neutral,neutral,0.5359959602355957,0.057863772,0.53599596,0.4061403
multiple image share option is missing,neutral,neutral,0.6698374152183533,0.06366854,0.6698374,0.26649407
"i like the functions, but",neutral,neutral,0.5045493841171265,0.020720135,0.5045494,0.47473043
why don't you just block us all?! =d =d =d,negative,negative,0.902576208114624,0.9025762,0.084153704,0.013270078
easy to find hotel,neutral,positive,0.8386828303337097,0.015111804,0.14620535,0.83868283
"if unexpected crashes negleted, it is so far the <signature>",positive,positive,0.7392109036445618,0.026447846,0.23434126,0.7392109
used to love it,negative,negative,0.8977220058441162,0.897722,0.09088842,0.011389567
"i love this app but with the latest update it died when i used a white listed app, and when i checked my whitelist i couldn't scroll through or change anything which was weird. plz fix this and add more trees!",positive,positive,0.6250848174095154,0.0319588,0.34295636,0.6250848
very good mobile phone photo editor,positive,positive,0.8996103405952454,0.015209776,0.08517993,0.89961034
keeps telling u to turn on the access then brings u to the settings page and even aft you check all the boxes doesnt take you back to the app. and continues to keep popping up disrupting phone usage. app doesnt work properly,negative,negative,0.9355747103691101,0.9355747,0.056138642,0.008286669
app is faster but stucks mobile pleas fix it up,positive,neutral,0.7163461446762085,0.1709284,0.71634614,0.11272544
"should have ""seen"" feature",neutral,neutral,0.7338581085205078,0.051676206,0.7338581,0.21446571
"can not zoom in or out, plis fix",neutral,negative,0.6931328177452087,0.6931328,0.28260323,0.024263954
nice idea and interface but finding friends doesn't work on android,neutral,neutral,0.7655295133590698,0.044275757,0.7655295,0.1901947
white list is so frustrating!,negative,neutral,0.5394873023033142,0.42511058,0.5394873,0.035402123
need <url> saving to gallery issue adding photo issue,neutral,neutral,0.7117792963981628,0.141731,0.7117793,0.14648974
the live doppler doesn't work since i updated,negative,negative,0.6650969386100769,0.66509694,0.3068805,0.028022556
very ugly and difficult to use platform. i do not suggest it. very bad,negative,negative,0.9651192426681519,0.96511924,0.027579343,0.007301342
recent update be unstable and loading so late,neutral,negative,0.7027115225791931,0.7027115,0.26361707,0.03367143
would give <number> stars if you blocked the facebook messenger bubble as well,positive,neutral,0.6193104386329651,0.032876965,0.61931044,0.34781262
it's a good overall weather app. do miss the traffic cam.,positive,positive,0.7818810343742371,0.010453577,0.20766531,0.78188103
really hard to navigate.,neutral,negative,0.8599432706832886,0.8599433,0.12399062,0.016066214
they don't refund difference if room is cheaper,negative,negative,0.6439580321311951,0.64395803,0.29578063,0.060261372
"works most of the time. freezes sometimes while trying to open a document, but just restart the app and it's good to go.",positive,neutral,0.6920015215873718,0.038222257,0.6920015,0.26977625
my friend show me it on tumbler it's amazing <signature>,positive,positive,0.8887227773666382,0.01681681,0.094460405,0.8887228
would of gave it <number> stars if i could. i just figured out that this app was using <number> % of my battery life and i never even use the app. sucks really bad.,negative,negative,0.6462634801864624,0.6462635,0.3135835,0.04015301
"you ruined the icon, we said ok. now you are ruining the background color too. stop changing, no one was complaining!",neutral,negative,0.8882680535316467,0.88826805,0.09687222,0.014859781
should have been a <number> star but why's the android version lacking local adjustments that the ios version has. i can understand that there may be delays among platforms but it's already <number> months behind!,neutral,neutral,0.7768881320953369,0.11172473,0.77688813,0.11138722
nothing i want from this app,negative,negative,0.9536206722259521,0.9536207,0.036530007,0.009849396
so great until today,negative,neutral,0.5860365629196167,0.13881168,0.58603656,0.27515173
it would be nice if it had it on like whatsapp for android but you have to download another app to access that <url> yeah but it's good,positive,neutral,0.6162771582603455,0.015822493,0.61627716,0.36790034
high quality images turns into low quality,neutral,neutral,0.5975824594497681,0.3298156,0.59758246,0.07260192
"it doesnt work, the screen flashes on and off and it wont open",negative,negative,0.9637478590011597,0.96374786,0.029604433,0.006647761
no retract in options,neutral,neutral,0.7166445255279541,0.18819271,0.7166445,0.09516276
last position read somewhat flawed,neutral,neutral,0.6268129944801331,0.28544733,0.626813,0.08773966
get <number> days free trial. nice. to try it i need to be able to access photos that store to my sd card. i do that so i have room on my phones internal drive. waste of time,negative,negative,0.9651346802711487,0.9651347,0.027242994,0.0076223733
does not support to open pwd protected document,neutral,negative,0.8256803154945374,0.8256803,0.1522646,0.022055143
got rid of the irc gateway. this was why we used slack. uninstalled.,negative,negative,0.964037299156189,0.9640373,0.028368354,0.0075944355
more theme and customization <url>,positive,positive,0.883642315864563,0.0189508,0.097406894,0.8836423
some items don't work!,neutral,neutral,0.7188059091567993,0.21330775,0.7188059,0.06788637
map animation still has bug.,negative,neutral,0.5266947746276855,0.4189695,0.5266948,0.0543357
"ignores some files, loads a few others",neutral,neutral,0.565088152885437,0.395752,0.56508815,0.039159827
it's not as good as it used to be,neutral,neutral,0.724633514881134,0.21650164,0.7246335,0.058864884
"good, but needs things",positive,neutral,0.6296558976173401,0.019289255,0.6296559,0.3510548
not working properly on samsung galaxy a <number> .,negative,negative,0.9226804375648499,0.92268044,0.062415157,0.014904513
views pdfs better then stock app but it doesn't see pdf's on sd card,negative,neutral,0.789824903011322,0.09151034,0.7898249,0.11866478
no way to get rid of ads on terrible screen layout.,negative,negative,0.9649831056594849,0.9649831,0.027214412,0.0078024277
required an account. i want an app to edit pictures on my phone. the online storage and synchronization should be an optional feature; not a requirement.,negative,neutral,0.5182186365127563,0.41364312,0.51821864,0.0681383
ok with local weather love the thunder part of the app,positive,positive,0.6341208219528198,0.01690459,0.34897465,0.6341208
trivago the tru app,neutral,neutral,0.5146327614784241,0.30384266,0.51463276,0.18152452
add a floating notification,positive,neutral,0.6279338002204895,0.076703854,0.6279338,0.29536232
why i can not share video on bbm group; too many update but no significant effect,negative,neutral,0.7058833837509155,0.21505558,0.7058834,0.07906101
limited options for search,negative,neutral,0.8040976524353027,0.052580256,0.80409765,0.14332215
good for messaging not for calls,neutral,neutral,0.7645712494850159,0.035687044,0.76457125,0.19974175
"it's available when i need it and it's more accurate than other weather apps i've tried. update(jan <number> ) <url> recent california winter has been crazy, and frankly this app has let me down with inaccurate forecasts for most of it. comparatively, the google now app is more accurate. maybe the sensors in my area are just bad. when it's fixed, i revisit my review.",neutral,positive,0.4919339418411255,0.029742064,0.478324,0.49193394
you could add a bit more features. birthmarks scars moles etc,positive,positive,0.6395235061645508,0.018173713,0.3423028,0.6395235
i am using it before <number> years,positive,neutral,0.48970216512680054,0.18336809,0.48970217,0.32692978
like many sites if you visit a chosen hotel more than once or twice the price rises!,neutral,positive,0.8474267721176147,0.013683774,0.13888946,0.8474268
amazing experience so far with this. iam being familiar with it.,positive,positive,0.891903817653656,0.020000039,0.08809608,0.8919038
doesn't save properly half the time and definitely could use some more filters.,negative,neutral,0.7806762456893921,0.14290449,0.78067625,0.07641934
why is the iphone app so much better!,negative,neutral,0.4978982210159302,0.41998416,0.49789822,0.08211768
"browser not opening sites, it just ideal.",negative,neutral,0.754551112651825,0.07111552,0.7545511,0.17433341
"continuous crashing, won't even open now.",negative,negative,0.9641909599304199,0.96419096,0.027783783,0.008025283
they forced me to rate them so i docked a star.,neutral,negative,0.9455131888389587,0.9455132,0.043850053,0.010636806
lame. doesnt work for samsung intercept,negative,negative,0.9502173662185669,0.95021737,0.04146621,0.00831639
of mice and man,negative,negative,0.4676523804664612,0.46765238,0.39453098,0.13781661
only thing missing is custom notification,positive,positive,0.5530800819396973,0.047681868,0.39923805,0.5530801
video cant open after click tha video,negative,negative,0.8788415193557739,0.8788415,0.103901334,0.0172572
weather animation has stopped and will not start. has been off nearly <number> weeks.,negative,negative,0.9381577372550964,0.93815774,0.052099496,0.009742674
"i just came here because this app was featured on silicon valley, looks like a great app with an attractive interface.",positive,positive,0.8535831570625305,0.017081857,0.12933503,0.85358316
it's okay except for i have a lg phone and it doesn't work that well with the lg phone,positive,neutral,0.8505927920341492,0.031473935,0.8505928,0.11793333
cannot open or detect image file imported from nikon <number> j <number> camera which has .jpeg <url> i had to convert it first or use another photo app editing and save <url> so lightroom could detect the file <url>,neutral,neutral,0.5233248472213745,0.43320253,0.52332485,0.04347271
having trouble downloading the app,negative,neutral,0.7281081080436707,0.20343044,0.7281081,0.068461426
i can't sent it through my messages to my contacts. only through facebook and that is absolutely ridiculous. this app sucks,negative,negative,0.9668407440185547,0.96684074,0.026998576,0.0061607063
very quickly reservation done.,positive,positive,0.8507015705108643,0.024364647,0.12493382,0.8507016
<salutation> please give setting to turn it off,negative,neutral,0.5384384989738464,0.15241651,0.5384385,0.309145
fantastic app to track lighting! the rest of the app is the same as any other really. but in fairness i do not use the rest of the app.,positive,positive,0.8012885451316833,0.018358584,0.18035284,0.80128855
service is good but app is not much android oriented,neutral,neutral,0.8285242915153503,0.047971703,0.8285243,0.123504035
this app is better,neutral,positive,0.4826977849006653,0.10401324,0.4132889,0.48269778
the improvement are a lot better but it would be nice to be able to send large mp <number> or mp <number> files via bbm.,positive,positive,0.535920262336731,0.0129730925,0.45110658,0.53592026
viuggg hang with my life in your help me a lot and then you have any attachments may contain information contained herein including attachments if it would love the way i will have been sent me a new one day i was thinking about my life in your,positive,positive,0.5956336855888367,0.026195208,0.37817106,0.5956337
can't get to work for motorola droid,negative,negative,0.9447697997093201,0.9447698,0.047044594,0.008185636
bad for the aap is hanging,neutral,negative,0.9234117865562439,0.9234118,0.06359815,0.012990005
its really <url> though remove the trial days remaining,positive,neutral,0.6610952019691467,0.053350143,0.6610952,0.2855546
horrible radar. constant storm alerts with no storms around,negative,negative,0.9685230851173401,0.9685231,0.024821093,0.006655901
cool idea pain da butt to use then at times wont work <url>,negative,neutral,0.7444477081298828,0.12138452,0.7444477,0.13416772
new update v <number> . <number> crashes all the time,positive,negative,0.8791221976280212,0.8791222,0.10566343,0.015214326
"it's okay (at least, freebies now included) <url>",neutral,neutral,0.7652162313461304,0.021681186,0.76521623,0.21310261
only <number> stars since it will not let me delete any files. please fix.,neutral,neutral,0.622376024723053,0.22466967,0.622376,0.15295438
does what it is supposed to do and does it well.,positive,positive,0.8436580896377563,0.018184455,0.13815746,0.8436581
"very useful, but has a few annoyances",positive,positive,0.7414147257804871,0.012899107,0.24568617,0.7414147
can't download <url>,negative,negative,0.8442648649215698,0.84426486,0.14206047,0.013674677
"generally a good pdf viewer. i love the reading mode that reflow text and adjust font for better reading experience. the only problem, or i should call it a bug, is that it seems like this mode hates to see <number> letters ""f"" & ""i"" being together. for words like ""find"", ""first"", ""prefix"", etc. you will see only ""nd"", ""rst"", ""prex"", etc.",positive,positive,0.8475909233093262,0.011474714,0.14093441,0.8475909
no support for paid ad-free version,neutral,negative,0.7797462940216064,0.7797463,0.18665172,0.033602033
i like this app,positive,positive,0.7060718536376953,0.028379774,0.26554838,0.70607185
used to use it for studying but after reacent update it won't open. please fix,neutral,negative,0.7609684467315674,0.76096845,0.2118081,0.0272234
last update is a disaster,negative,negative,0.9419088363647461,0.94190884,0.045862425,0.012228769
would be better if emoji's didn't disappear when new ones are added,neutral,neutral,0.6655289530754089,0.020778395,0.66552895,0.3136926
good for basic stuff,neutral,positive,0.5450366139411926,0.015413797,0.43954965,0.5450366
fun but android needs more options!!,neutral,positive,0.6458178162574768,0.015090499,0.33909172,0.6458178
"the usual mediocre bare bone pdf reader from adobe, totally lacking in functionality. repligo reader is better",negative,neutral,0.5266551375389099,0.4238517,0.52665514,0.049493216
stays open in background,negative,neutral,0.7035419344902039,0.17569156,0.70354193,0.12076642
it's actually helpful.,positive,positive,0.6826748847961426,0.012103748,0.3052214,0.6826749
good enough and satisfied result <url> its quite good aap,neutral,positive,0.6925650238990784,0.014493843,0.29294115,0.692565
why songs are not downloading from the websites. there is always showing error. whenever i download some song. pls fix this bugg,neutral,negative,0.6094385385513306,0.60943854,0.35807604,0.032485474
booking is simple and straight forward.,positive,positive,0.8526021838188171,0.018899374,0.12849846,0.8526022
"a really good and practical app, however like every other app it still has room for improvement!",positive,positive,0.8935737609863281,0.010987811,0.09543837,0.89357376
excellent pdf viewer rendered unusable by the inability to jump to a page and by the fact that it doesn't remember where you were or bookmarks.,negative,positive,0.7042927145957947,0.02118961,0.2745177,0.7042927
good site but still faceing issue with hotel even we confirm through app,positive,neutral,0.5349876284599304,0.01778107,0.5349876,0.44723126
it took forever to download,neutral,neutral,0.5159487724304199,0.41244826,0.5159488,0.07160297
i've started using the lightroom camera to take all my photos in raw (dng) and i've noticed today that while out at <number> : <number> on <number> / <number> / <number> and taking pictures the time and date stamp on the images says <number> : <number> <number> / <number> / <number> . what's all that about? i can't change it so where does it get it's info from? also the preview does not show the correct colour. it does when using the slider but as soon as i let it go the image reverts back to a almost black and white.,neutral,neutral,0.7588838934898376,0.11438781,0.7588839,0.12672819
it's cute for younger people but i use it some. i'm <number> yrs old.,positive,positive,0.8040264844894409,0.0113746775,0.18459879,0.8040265
"i had login throught google + <url> but i changed my mind and wanted to login through <url> so, i logged out !!! now, i cannot login back. the app is going back to registration page with the option to login to facebook !!! please look into the solution for this !",neutral,negative,0.8893707394599915,0.88937074,0.09747819,0.013151131
please could we have the option to install to sd card. what is the point in having a large sd card if it doesn't even get used,negative,neutral,0.7502843737602234,0.11374846,0.7502844,0.13596708
wont open at all,negative,negative,0.9319121241569519,0.9319121,0.057640363,0.01044746
good stickers allow users to express better. how come i cannot use bbm calls?,neutral,positive,0.7373795509338379,0.013484317,0.24913616,0.73737955
why pr have no radar????,negative,neutral,0.4645327031612396,0.44115222,0.4645327,0.09431506
before it can connect even the signal is weak now it needs more signal to connect,neutral,neutral,0.6987223625183105,0.21692295,0.69872236,0.08435469
radar maps are all wrong,negative,negative,0.8697028756141663,0.8697029,0.115253195,0.015043908
it is fast downloading app,positive,positive,0.8666205406188965,0.012783067,0.120596364,0.86662054
make it a zoo or fish tank,positive,positive,0.6907009482383728,0.044524632,0.26477438,0.69070095
waah!!! so nice app,positive,positive,0.8294098377227783,0.014994528,0.15559568,0.82940984
why pay that price for tablet use,negative,negative,0.792827844619751,0.79282784,0.1795348,0.027637346
good bit doesn't have the choices in search section for type of rooms such as not-smoking or soundproof ones or double-room etc.,positive,neutral,0.8075945973396301,0.03281359,0.8075946,0.15959178
too slow at times,neutral,neutral,0.775817334651947,0.09434871,0.77581733,0.12983392
it's very easy to use and all types of format documents easily opened,positive,positive,0.910342812538147,0.012918635,0.07673853,0.9103428
can not sign in,negative,negative,0.9132183194160461,0.9132183,0.07436225,0.012419442
it makes team communication highly open and accessible,positive,positive,0.9167057871818542,0.016801842,0.06649232,0.9167058
when message is being sent it takes time to be received,neutral,neutral,0.6406030058860779,0.279549,0.640603,0.07984794
pretty accurate for the most part i think,positive,positive,0.9059652090072632,0.011574747,0.08246008,0.9059652
spark is about the only good thing,neutral,neutral,0.576667070388794,0.06992596,0.5766671,0.35340703
broke the upload photo feature,negative,negative,0.7085779905319214,0.708578,0.24650285,0.044919256
best app but suggest download stop,positive,positive,0.557023823261261,0.017898938,0.42507732,0.5570238
some hotels are a bit shady,neutral,neutral,0.7949426770210266,0.054217875,0.7949427,0.15083948
its fun to see you're own emoji !,neutral,positive,0.64811110496521,0.01633066,0.33555827,0.6481111
its not so great as i expected it to be,neutral,neutral,0.8343411684036255,0.0626947,0.83434117,0.10296415
keeps going down n the ads r anoying,negative,neutral,0.5613465905189514,0.391252,0.5613466,0.047401387
it was good enough until i can't change my display picture,negative,neutral,0.7432255744934082,0.041041743,0.7432256,0.2157327
it's a trial. editing feature not impressive.,positive,neutral,0.6939003467559814,0.21180457,0.69390035,0.094295
love it <url> great job <url>,neutral,positive,0.7120010852813721,0.03653633,0.25146264,0.7120011
used to be good,negative,negative,0.8023150563240051,0.80231506,0.17819075,0.01949421
very good and useful app,positive,positive,0.9052741527557373,0.020075887,0.07464996,0.90527415
"the app will no longer let me delete locations. uninstalled, and reinstalled and they are still there. frustrating.",neutral,negative,0.952530562877655,0.95253056,0.040481552,0.006987919
"buggy, ambigue and less features",negative,neutral,0.8284246325492859,0.09194385,0.82842463,0.07963154
"this has helped my productivity a lot. i've only recently started experiencing issues with it. before, the app used to count extra time i went without using my phone even after the <number> min mark. it was really gratifying to see how much longer i was able to last + it contributed to my forest and my overall focus count. but now it isn't doing that? so it kind of discourages me from continuing to work past the sound of the timer even if i feel like i could. if it's possible, please do something about that.",neutral,neutral,0.6926831007003784,0.030538421,0.6926831,0.2767784
"zooming slow, okay otherwise",neutral,neutral,0.8338593244552612,0.07402016,0.8338593,0.092120595
"fix zoom in attached images! it doesn't work first <number> seconds the image open, and for gif it doesn't work at all. and is that tat hard to add rotation you've ""planned to add"" a year ago? where's a font size setting or guesture scale sor chat?",neutral,neutral,0.596134603023529,0.34876427,0.5961346,0.055101175
when will the local adjustments tool be disponible for android users?? hope it's included on the next actualization !!,positive,neutral,0.5594145655632019,0.03709857,0.55941457,0.40348685
just started using it !,positive,neutral,0.4710703492164612,0.20254609,0.47107035,0.3263836
so cute. wish it were easier to access via other apps,positive,positive,0.7423336505889893,0.021201063,0.23646522,0.74233365
really like the way this app has evolved from it's first version. please add android wear notification service asap. its really easy to add and people are badly missing it.,positive,positive,0.8600599765777588,0.013934419,0.12600559,0.86006
"good on mobile devices ,simply good on move",positive,positive,0.5453251004219055,0.014705864,0.43996906,0.5453251
need to avoid unwanted ads and also enhance the downloading speed. overall nice app.,positive,positive,0.8639458417892456,0.010511502,0.12554264,0.86394584
"i really like this app and is what i go to when i start loosing concentration. i wish there were more stats and plant types, also more beautifully animated and things that change <url>",positive,positive,0.8633483052253723,0.016663,0.11998869,0.8633483
was <url> now radar broken,negative,negative,0.8994501829147339,0.8994502,0.078921944,0.021627763
booking bait and switch,negative,negative,0.9115345478057861,0.91153455,0.07293246,0.015533046
this seems like it would be cool,negative,neutral,0.539354681968689,0.015831174,0.5393547,0.44481418
cannot see my photo's on device,negative,negative,0.5722571611404419,0.57225716,0.39677945,0.030963458
so far so good!! i love it.,positive,positive,0.865620493888855,0.01826932,0.11611014,0.8656205
"such an intrusive browser, coming from china. it can't be trusted with your online activities. indians, be aware.",negative,negative,0.8017112016677856,0.8017112,0.17772502,0.020563861
hi i download this app he is the very good app,positive,positive,0.7978278994560242,0.020183649,0.18198845,0.7978279
where is the download process,positive,neutral,0.5802897214889526,0.25054294,0.5802897,0.16916731
brill so easy to use,positive,positive,0.7718150615692139,0.018029772,0.21015519,0.77181506
the app isn't working on the note <number> . i'll update my review if/when it works.,negative,negative,0.7011657357215881,0.70116574,0.26853633,0.03029787
"""you have cancelled your entire <url> ""???",negative,negative,0.9176152944564819,0.9176153,0.06592478,0.016459867
it good for local german reports nearly as good as <url>,positive,neutral,0.5265761613845825,0.020361096,0.52657616,0.45306277
does what i need it to,neutral,positive,0.7647835612297058,0.023445852,0.21177056,0.76478356
it's good for communication,neutral,positive,0.6492151021957397,0.013314862,0.33747005,0.6492151
it sometimes sends the wrong <url>,neutral,neutral,0.46674492955207825,0.46539384,0.46674493,0.067861184
please add the feature of sharpen and blur,neutral,positive,0.793391227722168,0.016309181,0.19029957,0.7933912
notifications aren't working???,positive,negative,0.5209136009216309,0.5209136,0.41233066,0.06675574
lag while zoom in/out,positive,neutral,0.7713753581047058,0.14893925,0.77137536,0.07968544
had some slowness issues?,positive,neutral,0.7062436938285828,0.0752555,0.7062437,0.21850082
awesome app one of the <signature>,positive,positive,0.8996674418449402,0.016882388,0.08345016,0.89966744
it does great and gives accurate weather information,positive,positive,0.9163612127304077,0.0147895245,0.06884922,0.9163612
bogus . there are several aps much useful,negative,neutral,0.7582986950874329,0.048764665,0.7582987,0.19293664
'no notifications' doesn't work.,negative,negative,0.9235692024230957,0.9235692,0.064630516,0.011800356
great app for managing hotel reservations on the go. it's also nice to earn rewards for frequent stays. i think this is the <signature>,positive,positive,0.9087586998939514,0.013359378,0.077881955,0.9087587
app keeps crashing. unable to open after latest update.,positive,negative,0.9558274149894714,0.9558274,0.036415733,0.0077567836
always update but nothing improve,neutral,neutral,0.7927841544151306,0.06135191,0.79278415,0.14586394
"great concept, poor implementation",neutral,neutral,0.5952546000480652,0.2817281,0.5952546,0.12301733
contact picture not show.,negative,neutral,0.6918761134147644,0.22857475,0.6918761,0.07954915
canon cr <number> support please,neutral,neutral,0.5020870566368103,0.08474035,0.50208706,0.4131727
this thing is a trap! it will take your money,negative,negative,0.9645306468009949,0.96453065,0.027569352,0.007899984
"the icon re-design is a tremendous eye-sore more fit to be the face of a pharmaceutical firm, and they didnt put any extra effort into making the app on any of the platforms, leaving gaps in design. no dark mode, no voip, no collapsing the sidebar on ios or windows. i use it because my friends do.",negative,neutral,0.6137546896934509,0.25751537,0.6137547,0.12872986
"just need an option to mute notifications (some of us work different timezones and like sleep), other than that it works pretty well!",positive,positive,0.7185161113739014,0.012786416,0.2686975,0.7185161
good for net work download,positive,positive,0.5076397061347961,0.017442178,0.47491813,0.5076397
i want this feature,positive,positive,0.7249839305877686,0.0346322,0.24038388,0.72498393
content rating: low maturity,positive,neutral,0.5849226713180542,0.3392304,0.5849227,0.07584683
this application doesn't work in my handphone,negative,negative,0.9597116112709045,0.9597116,0.03319957,0.0070888163
slack chat is good,positive,neutral,0.7106727361679077,0.062251285,0.71067274,0.227076
i find the user experience superior to other apps.,positive,positive,0.8262783885002136,0.016264157,0.15745746,0.8262784
"great app, needs better ui on reviews",neutral,positive,0.8640376329421997,0.017510023,0.118452266,0.86403763
great new camera in-app,positive,positive,0.843285322189331,0.037051298,0.119663395,0.8432853
would be <number> <url>,negative,neutral,0.6110759973526001,0.044349324,0.611076,0.34457463
it's a good application,neutral,positive,0.6973870992660522,0.0111187035,0.2914942,0.6973871
"five star service, two star app",negative,neutral,0.4268322288990021,0.23084436,0.42683223,0.34232342
everytime my phone went on sleep it killed the tree and became completely pointless because i would've had to tap my phone every <number> seconds to keep it from locking and killing the tree.,negative,negative,0.9714421629905701,0.97144216,0.022768725,0.0057890904
bbm isnt the <signature>,neutral,neutral,0.625417947769165,0.24228019,0.62541795,0.13230188
can you please give a little speed more on download,neutral,positive,0.6084550619125366,0.018866066,0.37267885,0.60845506
need support for .cr <number> format,positive,neutral,0.718838632106781,0.07132925,0.71883863,0.2098321
"unecessarily complicated and cumbersome. it's so difficult to create new workspaces and move people from one to another. if you don't have someone's email address memorized, good luck! this app has a long way to go to be truly useful every day. in addition to the above, notifications are a bit of a nightmare. i've missed out on a lot of critical messages because notifications just don't work when they need to. i've run out of room for feedback but i could go <url>",negative,neutral,0.8157126903533936,0.123936266,0.8157127,0.06035103
i'm surprised hdr is not supported on the huawei nexus <number> p. i realize it is isn't as new as the pixels but it's still a pretty fast phone.,neutral,neutral,0.629660964012146,0.025695557,0.62966096,0.34464344
where is the bookmarks?,neutral,negative,0.4656529724597931,0.46565297,0.40518138,0.12916563
"love this app, developers have been brilliant at fixing bugs and the feedback system is great!",neutral,positive,0.875625491142273,0.024317328,0.100057185,0.8756255
i want to give this app <number> <url>,negative,negative,0.6711046099662781,0.6711046,0.27703077,0.05186458
cant even sign in or sign up,negative,negative,0.9665360450744629,0.96653605,0.025988938,0.0074750534
"very nice weather app. would like to see more detail on air quality, pollen, etc",positive,positive,0.8930273652076721,0.013866252,0.09310638,0.89302737
simple to use. nice option to search via map,positive,positive,0.8762255907058716,0.01053364,0.1132408,0.8762256
what a huge step backwards for useability.,negative,positive,0.833074688911438,0.0258816,0.14104374,0.8330747
it is what it is!,neutral,positive,0.7603774070739746,0.035858456,0.20376417,0.7603774
"+pinch zoom, +++reflow text, --render speed on scroll, ---should find all pdf including dowloaded by browser, --no search, ---no images in reflow",negative,neutral,0.5342970490455627,0.41771415,0.53429705,0.04798882
this app keeps killing my tree whenever i off my <url> this is so bad. i ended up kore time restarting the timer.,negative,negative,0.941866397857666,0.9418664,0.049364164,0.00876942
website offers better and more search options.,negative,positive,0.4673250615596771,0.066377185,0.46629775,0.46732506
i love this browser,positive,positive,0.8250521421432495,0.04430483,0.13064298,0.82505214
not always perfectly accurate. i like the hourly forecast.,positive,neutral,0.5375795364379883,0.019904362,0.53757954,0.4425161
mobile notifications not working,neutral,negative,0.8334040641784668,0.83340406,0.14132115,0.025274694
cannot unlock password protected ebooks. can't even interact with links or buttons. worthless for password protected ebooks.,negative,negative,0.9698587656021118,0.96985877,0.023251018,0.006890274
this app is an nice good for everything i need but they are problems u must fix,positive,positive,0.7624785900115967,0.014589043,0.2229324,0.7624786
getting worse than before,neutral,negative,0.5043089985847473,0.504309,0.42519858,0.07049245
it's easier and efficient,positive,positive,0.8962854743003845,0.010184547,0.09353005,0.8962855
"what the mobile developers do not understand is: do not ever ever change the application icon! the icon shape and color are used to quickly identify an app between other dozen apps. that's how the brain works! moreover, an update only for the app icon? where is the video recording option? i use slack daily (it's the main chat / video conferencing solution where i work) and you can simply cannot record meetings!",negative,negative,0.5518946051597595,0.5518946,0.39423874,0.053866643
"cute and accurate, but no long hair",neutral,positive,0.8105434775352478,0.012971359,0.1764851,0.8105435
used to work. not anymore,negative,negative,0.9453427791595459,0.9453428,0.04632449,0.008332641
an outstanding way of communication with the team.,positive,positive,0.9159148931503296,0.01615845,0.06792671,0.9159149
internet is better than this because,neutral,neutral,0.5612882375717163,0.103942506,0.56128824,0.3347692
"sucks. force close, pdf never opens. htc hero.",negative,negative,0.9662697315216064,0.96626973,0.027696345,0.006033964
"i like it just wish tht we had more choices for the avatar and the body shapes were more womenly, besides that i think it's great!",neutral,positive,0.8068122863769531,0.010689254,0.18249846,0.8068123
was great when it worked,negative,neutral,0.4477579891681671,0.42728296,0.447758,0.12495906
update has ruined functionality. now difficult to search rooms for <number> people etc. terrible terrible terrible!,negative,negative,0.9729433655738831,0.97294337,0.020653643,0.0064029857
would like it better if you could use this app in fb <url>,neutral,neutral,0.5944699048995972,0.03368963,0.5944699,0.37184042
great app with potential.,positive,positive,0.9081719517707825,0.016587336,0.07524078,0.90817195
handles small pdf files really well. needs bookmarks.,neutral,positive,0.7406071424484253,0.019601231,0.23979169,0.74060714
why not a mobile web version ??!!?!,negative,negative,0.582950234413147,0.58295023,0.36641794,0.050631788
"i love this app, the ui is nice and smooth, no bugs what-so-ever, and it knows when i press the home button and enter another app. (turn on advanced something in the settings) looks very smooth, and it works as it should! the problem is, i can't lock my phone without killing the tree, and it wastes the battery. that's pretty much my only complaint! (i'm fairly new to the app, and i heard that when your forest gets full, that you can't put in anymore trees. if so, please let the forest expand as well.)",positive,positive,0.8344700932502747,0.020358505,0.14517145,0.8344701
i was addicted to game and other stuff my personal work ratio was too down and this app really help <url> !,positive,positive,0.6825491189956665,0.04683005,0.27062076,0.6825491
stuck in update mode,negative,negative,0.782658040523529,0.78265804,0.19170026,0.02564169
while downloading music it goes to play store .,neutral,neutral,0.6684433817863464,0.1235543,0.6684434,0.2080024
can't append it to sd card when updated in htc wildfire,negative,negative,0.5488060712814331,0.5488061,0.41783574,0.03335824
free emoticons are <url> good,neutral,neutral,0.6635397672653198,0.021187939,0.66353977,0.3152723
"i could plant the tree while watching youtube , no different than clash of clans",negative,neutral,0.5838015079498291,0.06609998,0.5838015,0.35009858
bbm cant connect properly,negative,negative,0.7324323654174805,0.73243237,0.23958014,0.027987482
"it would be cooler if you could mix and match the pants, shoes, shirts, jackets, etc. instead of having to choose from predetermined outfits. i want to make my own outfit!",positive,positive,0.6529785394668579,0.019568527,0.32745287,0.65297854
"works fine, too many ads",positive,neutral,0.6576383113861084,0.05839248,0.6576383,0.28396925
they okay good on the <number> day forecast.!,neutral,neutral,0.5549650192260742,0.018265244,0.554965,0.42676976
"when it works, it's good. but far too many crashes on my galaxy tab s <number> .",neutral,neutral,0.780711829662323,0.020258177,0.7807118,0.19903009
terrible it now no longer works the way it used to. it was the <signature>,negative,negative,0.9631078839302063,0.9631079,0.02909859,0.007793514
push notifications not reliable,positive,neutral,0.7873857617378235,0.13122465,0.78738576,0.08138958
went out and can't access it ny more. what happened. says i have <number> go thru fb or my email and i have <number> sign up and in wen i've been using it <number> the past <number> months. what happened!,neutral,negative,0.9407552480697632,0.94075525,0.050800797,0.008443956
to set a profile picture is very frustrating as the current set up/method cuts out most of the picture. this really should be adjusted.,neutral,neutral,0.8095949292182922,0.097631626,0.8095949,0.092773505
i liked <url> this is very useful,positive,positive,0.8146317005157471,0.01633428,0.16903403,0.8146317
if your not using this to book your loosing out,neutral,negative,0.8438092470169067,0.84380925,0.12218168,0.034009032
"the app keeps asking me to rate it despite me constantly telling it ""no"" so i'm rating it <number> star out of spite and partially because they don't actually follow the choices they give you.",negative,neutral,0.48105889558792114,0.45128414,0.4810589,0.06765689
"uc browser is a fantastic browser application. the team behind the creation of this application have all done a wonderful job. keep it up as you continue to improve upon this great application. however, i wish to suggest that option to be able to send applications in speed mode { facebook, twitter etc} to phone desktop/home screen be incorporated into this application. secondly, make it possible to be able to select and set desired audio file as alert tones for applications like facebook etc. we therefore look forward to seeing these options in your next update sir. <signature>",neutral,positive,0.8445615172386169,0.016959988,0.13847852,0.8445615
"battery drain, battery drain, battery drain",negative,negative,0.8307638168334961,0.8307638,0.14273815,0.026498014
won't open raw files,negative,negative,0.9411024451255798,0.94110245,0.050936636,0.007960827
force closes on samsung moment w/android v <number> . <number>,negative,negative,0.7107340693473816,0.71073407,0.23734069,0.051925283
not as good as desktop app .too slow while navigaring to different channels amd personal chats.,neutral,neutral,0.6285656094551086,0.30843186,0.6285656,0.06300248
weather is nice and shows precipitation also,positive,positive,0.7772449851036072,0.016343918,0.20641106,0.777245
"won't let me add locations, other than that, works well.",neutral,neutral,0.7977086305618286,0.07840231,0.79770863,0.12388913
note <number> <url> of nov <number> th.,negative,neutral,0.5746743679046631,0.22340795,0.57467437,0.20191765
rooms sold not always available,neutral,neutral,0.5781621336936951,0.33507013,0.57816213,0.086767755
please add a feature!,neutral,positive,0.7078392505645752,0.025472715,0.26668805,0.70783925
so many ads r coming i hate this app,negative,negative,0.9631962180137634,0.9631962,0.030317312,0.0064863763
it does what it's supposed to.,positive,neutral,0.6224698424339294,0.06730953,0.62246984,0.3102207
it really sucks that disabling wysisyg in the settings does not work. i want my input freedom.,negative,negative,0.8967887759208679,0.8967888,0.09067171,0.012539538
it's a decent app,positive,neutral,0.5642356276512146,0.016479272,0.5642356,0.41928515
have issue on redmi note <number>,neutral,neutral,0.7767108082771301,0.10469154,0.7767108,0.118597716
"i would give it <number> , but it keeps stopping when converting text to pdf",positive,neutral,0.7888681888580322,0.058021393,0.7888682,0.15311044
very good for me,positive,positive,0.8756043910980225,0.019197933,0.10519765,0.8756044
"app whitelisting doesn't work, everything works fine when whitelisting is turned off (tree withers when i exit the app) but when it's on, i can access any app without the tree dying, not just the whitelisted ones. i've also turned on the advanced detection mode, does not help.",neutral,negative,0.5135473012924194,0.5135473,0.45307842,0.03337429
"this ""use"" to be the greatest weather app right up until <url> latest update froze radar animation and i don't get alerts until i open the app. deleting and going to find a better app.",negative,negative,0.7822592854499817,0.7822593,0.16420676,0.053533938
"it does its job, but asking each time to rate the app is infuriating",neutral,neutral,0.7743960618972778,0.14153999,0.77439606,0.08406396
my weatherbug now tells me im <number> towns away. reported <url> they told me i was dumb basically.,negative,negative,0.8606361150741577,0.8606361,0.120873176,0.018490724
crude humor supports the deteriorating morals of society. not acceptable,negative,negative,0.48279842734336853,0.48279843,0.4647558,0.052445747
after installed the browser <url> phone will hang and some unwanted program to be automatically <url> will affect on <url>,negative,negative,0.8867525458335876,0.88675255,0.101073846,0.012173665
some update or something makes this wonderful app crash. please remedy the issue!!!,neutral,positive,0.6736860275268555,0.045825128,0.2804888,0.673686
love it but easy on the ads pls,positive,positive,0.8028686046600342,0.014971156,0.18216021,0.8028686
"for all those whose trees are not withering, turn off whitelist mode",neutral,neutral,0.49744245409965515,0.38550305,0.49744245,0.117054515
"i really enjoy this app, it's been quite helpful. however, though it counts the time you exceed the preset goal you don't get any extra trees/bushes. this means that i sometimes go over my time focus goal, but only see one lonely tree for my efforts. good bit of a bummer. otherwise, love the app.",positive,positive,0.882366955280304,0.010861675,0.10677134,0.88236696
not as accurate at weather channel but i like that i can choose the radar location.,positive,positive,0.6892598271369934,0.013522861,0.29721725,0.6892598
i prefer the blackberry version to the android version. or maybe i've not discovered all the tricks here.,neutral,positive,0.4862808883190155,0.030871773,0.4828474,0.4862809
great! so much potential!,positive,positive,0.8767498135566711,0.022323754,0.10092647,0.8767498
can't use bbm after update,negative,neutral,0.5507400035858154,0.40975708,0.55074,0.039502904
on getting the latest update the app stopped working all of a sudden. i use samsung galaxy s <number> . please see what has gone wrong. i tried reinstalling the app too. didn't work.,negative,negative,0.9192654490470886,0.91926545,0.070472,0.010262572
very very slow even on nexus one,negative,negative,0.7394505739212036,0.7394506,0.23276947,0.027780004
like the old version better,positive,positive,0.5706350803375244,0.018082615,0.4112823,0.5706351
stop asking me to rate every time i launch the app.,negative,negative,0.6831983327865601,0.68319833,0.28431207,0.03248957
lots of force closes on galaxy s.,negative,negative,0.5910431742668152,0.5910432,0.35970342,0.049253374
needs more of the core lightroom features,neutral,neutral,0.6823965907096863,0.033694945,0.6823966,0.2839085
"great app, just a few things that need addressed. i can no longer ""purchase"" additional trees and i have the $. it says forbidden after taking a while to load. i've uninstalled and reinstalled, running on the most current app and android os <number> . <number> , droid turbo <number> .",neutral,neutral,0.476278692483902,0.13188858,0.4762787,0.39183274
please add live radar widget!,positive,neutral,0.5326042175292969,0.117843345,0.5326042,0.34955248
can't quickly link to specific page or bookmark. sucks. quick office is much better for reading pdfs.,negative,neutral,0.5271331071853638,0.43592006,0.5271331,0.036946863
it dose not let you do anything,negative,negative,0.9455758333206177,0.94557583,0.043856137,0.010567922
hourly doesn't match the <number> day,neutral,negative,0.6868472099304199,0.6868472,0.28471816,0.028434599
it's a good app,positive,positive,0.5683361291885376,0.014226924,0.41743696,0.5683361
good app edit picture,positive,positive,0.5616902709007263,0.020044172,0.41826558,0.5616903
can't bookmark the page! it's hard to read an e-book and remember the page number. i will delete.,negative,negative,0.5833984613418579,0.58339846,0.38955113,0.0270504
use for fast download,positive,positive,0.778809666633606,0.02424834,0.196942,0.77880967
used to be the <signature>,negative,neutral,0.5592502355575562,0.32887805,0.55925024,0.11187165
better than most. quick and easy,positive,positive,0.9097303152084351,0.014460899,0.07580878,0.9097303
"not fast in sending and receiving messages, the app needs to be worked on.",negative,neutral,0.6219080686569214,0.3229241,0.62190807,0.05516785
local adjustment not appearing,positive,neutral,0.7361863255500793,0.13065033,0.7361863,0.13316333
used to be great,negative,negative,0.8198107481002808,0.81981075,0.162142,0.018047195
just got it <url> fingers crossed,neutral,neutral,0.567552924156189,0.18669014,0.5675529,0.245757
best pic editing <url>,positive,positive,0.7658304572105408,0.01937666,0.21479286,0.76583046
no bookmark or jump page. doesnt remember where i was when closed,negative,negative,0.8564154505729675,0.85641545,0.12807988,0.015504759
"good. only complaint is that sometimes the location on my lock screen is not my current location, but a random one from my saved places.",positive,positive,0.531316339969635,0.013025067,0.4556586,0.53131634
for the older version,neutral,neutral,0.45891815423965454,0.299499,0.45891815,0.2415829
"this app is pretty good, but i wish i could use this in my normal keyboard and i hope that it will be animated and have a transparent background",positive,positive,0.6862043142318726,0.014141344,0.2996544,0.6862043
it's very accurate and good,positive,positive,0.9118491411209106,0.0139359115,0.074214935,0.91184914
loved it till i got a new phone,negative,neutral,0.558854877948761,0.2573322,0.5588549,0.18381299
works ok but crashes when i rotate my archos <number> .,neutral,neutral,0.8391275405883789,0.0685685,0.83912754,0.09230394
bloats <number> megs needs to be movable to <url>,negative,neutral,0.4801490306854248,0.46175325,0.48014903,0.058097757
shares the way it wants without permission,negative,neutral,0.6007153391838074,0.26466617,0.60071534,0.13461848
external storage for cache,neutral,neutral,0.607617199420929,0.15979333,0.6076172,0.23258948
the radar map is practically useless now,negative,negative,0.9717965126037598,0.9717965,0.021760516,0.006442943
will not select the correct current location.,negative,neutral,0.4993647038936615,0.4571074,0.4993647,0.043527905
cant edit my avatar and cant log in!!,negative,negative,0.9547306299209595,0.95473063,0.038450673,0.0068186177
this is worse than what we call pathetic when it comes to mobile app.,negative,negative,0.9559926390647888,0.95599264,0.035752535,0.0082548335
updated to make it worst,negative,negative,0.7806640863418579,0.7806641,0.17374443,0.045591436
the trees do not die when i leave the app which is what the app was supposed to do should i have left the app to use other apps like ig or youtube,negative,negative,0.5681352019309998,0.5681352,0.3665904,0.06527439
new version is a major step back,negative,positive,0.4782492220401764,0.10826635,0.41348445,0.47824922
awesome and secure app,positive,positive,0.9059136509895325,0.021720544,0.07236584,0.90591365
awful app. really awful.,negative,negative,0.9726340770721436,0.9726341,0.020507708,0.006858231
would rate <number> <url>,negative,neutral,0.5914549827575684,0.044990618,0.591455,0.36355442
"makes an incredibly annoying and loud clicking sound through the speakers whenever you take a photo, with no ability to disable it.",neutral,negative,0.5095657706260681,0.5095658,0.4412985,0.049135726
it's nice but some problems r there,neutral,neutral,0.5696187615394592,0.014572514,0.56961876,0.41580874
have used it for years,positive,positive,0.8108232617378235,0.04731843,0.14185832,0.81082326
hope it supports split screen,positive,neutral,0.5303853750228882,0.03537437,0.5303854,0.43424025
good app to <url> i alwayz prefer uc browser to <url>,positive,neutral,0.640870988368988,0.026924714,0.640871,0.33220425
some issues but otherwise excellent,positive,positive,0.6906901001930237,0.01213709,0.29717278,0.6906901
"this app is great, allows you to edit raw files, and almost has all the same options as a desktop/laptop version. the only thing i would really love to see is a brush setting, really all it needs for <number> stars in my books!",positive,positive,0.8764243721961975,0.016600957,0.10697467,0.8764244
basic stuff done well,neutral,positive,0.5625562071800232,0.040813997,0.3966298,0.5625562
unfriendly to free users,negative,negative,0.9300234913825989,0.9300235,0.059416454,0.010560135
crashed my phone twice in a row doing nothing more then trying to read a <url>,negative,negative,0.9313874244689941,0.9313874,0.05956907,0.009043473
has become unreliable and very inaccurate. loved it and now will get rid of because of terrible forecasts.,negative,negative,0.9461153745651245,0.9461154,0.046158794,0.0077257985
still no group contacts like old bbm,negative,neutral,0.7656380534172058,0.11832553,0.76563805,0.11603644
"slow loading, double notifications",neutral,neutral,0.5208209156990051,0.4229948,0.5208209,0.05618435
i love this app but sometimes it is really lagging.,positive,positive,0.5542747378349304,0.020286832,0.42543843,0.55427474
freezes when opening pdfs. useless. root droid <number> . <number>,negative,negative,0.9672607779502869,0.9672608,0.026635742,0.006103428
"really nice app ,with grt way to analyse yr productivity",positive,positive,0.8900112509727478,0.011687836,0.098300904,0.89001125
great but one major problem,positive,positive,0.7544907927513123,0.0328081,0.21270108,0.7544908
this program needs to be able to jump to specific pages in the pdf. i have a <number> page set of blueprints in need to access multiple times daily. fix,negative,neutral,0.7060307860374451,0.17643085,0.7060308,0.1175384
something went wrong before i could access this app. immediately <url> viruses needed.,negative,negative,0.5547390580177307,0.55473906,0.38771406,0.057546865
last update problem when search number adults,negative,neutral,0.6314479112625122,0.27098,0.6314479,0.09757208
very good app very easy,positive,positive,0.9024462699890137,0.017764881,0.07978889,0.90244627
it's good app and doesn't contain virus,positive,neutral,0.6977811455726624,0.019967403,0.69778115,0.28225145
please add widgets for slack,positive,positive,0.7112792134284973,0.023451986,0.26526883,0.7112792
add hdr support for htc <number> please!,neutral,positive,0.5336277484893799,0.041782536,0.42458972,0.53362775
"suddenly it's killing all my trees it's was working perfectly, but now i keep getting a ""unknown app'",negative,neutral,0.6563091278076172,0.2731207,0.6563091,0.07057021
well <url> you need access to my files and my camera ? looks like an insecure joke. i 'll install once we are back to serious.,negative,neutral,0.6937739253044128,0.25089228,0.6937739,0.055333804
this app is <url> not as expected,negative,negative,0.6423516273498535,0.6423516,0.3058148,0.0518336
please add remind me option,neutral,positive,0.800090491771698,0.018837225,0.18107226,0.8000905
"original user interface, very usable.",positive,positive,0.8009886145591736,0.02359132,0.1754201,0.8009886
i use this site for booking over night stays when going on holiday. good hotel and great staff.,positive,positive,0.9064919948577881,0.015386059,0.07812199,0.906492
can't access my account,negative,negative,0.951785147190094,0.95178515,0.041356366,0.006858501
very useful to find non-chain hotels--saving lots of money when all you need is a clean room and a servicable bed.,positive,positive,0.9027877449989319,0.013916704,0.08329555,0.90278774
"love it, something for almost every occasion!",positive,positive,0.8786118626594543,0.028850392,0.09253783,0.87861186
doesn't format text correctly,neutral,neutral,0.6065558791160583,0.3455026,0.6065559,0.047941647
"despite all these new pdf readers, this app provides very good benefits",positive,positive,0.8780443072319031,0.0136770895,0.10827856,0.8780443
love it but hate it,neutral,neutral,0.4764280617237091,0.41952324,0.47642806,0.10404868
great application. efficient way to browse and book accommodation.,neutral,positive,0.9110101461410522,0.01648078,0.07250907,0.91101015
great mutch eadier than website. quick and convenient,positive,positive,0.8979802131652832,0.012946473,0.08907325,0.8979802
excellent. not needing any permissions is cool.,neutral,positive,0.8605789542198181,0.01220017,0.12722082,0.86057895
"works pretty good, nice to finally have this on android.",positive,positive,0.8853120803833008,0.0106255375,0.1040624,0.8853121
to boring and to many adds,negative,neutral,0.5329822897911072,0.37110484,0.5329823,0.095912814
reply from notification and remove bbm channels,neutral,neutral,0.5373638272285461,0.34416017,0.5373638,0.11847603
love the app but current temperature doesn't stay in the notification bar even though i have it set to go the settings. please fix. i have to constantly open the app for current temp.,positive,positive,0.7457789182662964,0.02108903,0.23313208,0.7457789
i like it . works great,neutral,positive,0.9034160375595093,0.013229867,0.08335409,0.90341604
it's good for documents viewings and managing.,positive,positive,0.7515901327133179,0.01126325,0.23714663,0.75159013
it's good but not too much <url> it's working well,positive,neutral,0.6822279691696167,0.017593974,0.68222797,0.30017808
pic porn on ads,negative,negative,0.7737352252006531,0.7737352,0.19924363,0.027021198
dope! i wish there was a batch deletion feature.,positive,negative,0.68062824010849,0.68062824,0.29024085,0.029130936
"worked great for years but now it double posts everything i send on my chromebook. love it on every other <url> iphone, mac. i hope this is fixed in the next <url> !",neutral,positive,0.7852804064750671,0.0309967,0.18372288,0.7852804
"sering error, but it's fine. still working",positive,neutral,0.7676143646240234,0.031103268,0.76761436,0.2012824
full of bugs. i can claim the reward but my coins doesn't increase at all????,negative,negative,0.547665536403656,0.54766554,0.40582424,0.046510253
reliable when signal is good,positive,positive,0.700807511806488,0.014119093,0.28507337,0.7008075
love it and hate it.,neutral,negative,0.8945997357368469,0.89459974,0.083831705,0.0215685
would be good if you could delete after finished!,neutral,neutral,0.6991075277328491,0.021517327,0.6991075,0.2793752
works for me. only one i ever use.,positive,positive,0.6483627557754517,0.096390925,0.25524628,0.64836276
error <url> do not work. i'm having <number> . <number> . <number> <url> still not working .,negative,negative,0.9620164036750793,0.9620164,0.031052543,0.0069309943
it is very good but it needs more options on the facial features and the body motifications,positive,positive,0.7108760476112366,0.011782799,0.2773412,0.71087605
takes up <number> percent of the <url> saves everything u <url> good for a <url> have motorola droid.,negative,neutral,0.7113423347473145,0.1610805,0.71134233,0.1275772
nice <url> was using this <url> information for news and latest updates,neutral,positive,0.6208133697509766,0.03266694,0.34651962,0.62081337
"the whitelist doesn't <url> no matter what i do, my tree dies.",neutral,negative,0.7921786904335022,0.7921787,0.1818203,0.026001014
"good app, but lacking android wear (and thus pebble) support. i prefer google hangouts to slack because of this missing functionality.",neutral,neutral,0.7693095803260803,0.022447657,0.7693096,0.20824271
great but too much phone access,neutral,positive,0.6729098558425903,0.023295278,0.30379486,0.67290986
if you can't offer better pricing you're useless,negative,negative,0.9552503228187561,0.9552503,0.03631089,0.008438782
seriously your ad blocker never works everytime i go to movies site pop up ads pop ups every second very irritating don't <url> u will never get good surfing experience,negative,negative,0.8379132747650146,0.8379133,0.1428806,0.019206043
minimize category and bbm group user friendly,positive,positive,0.7507535815238953,0.027937232,0.22130917,0.7507536
it doesn't save the last page you were on. it's annoying.,neutral,neutral,0.7615876793861389,0.17784417,0.7615877,0.060568172
please add something which shows you how long you've worked for each day and maybe a graph for comparing different working times,neutral,positive,0.8038752675056458,0.016056018,0.18006873,0.80387527
not bad better than other,positive,neutral,0.6634282469749451,0.03234421,0.66342825,0.3042276
i like the radar and spark. i work outside so that helps. the temp though? <url> but i guess that's what you get when trying to predict the actions of the most volatile woman in existence. mother nature of course.,neutral,positive,0.78531414270401,0.016639503,0.19804636,0.78531414
why it is asking to download uc browser when i am going to download song and i don't want to download uc browser,negative,negative,0.8770211935043335,0.8770212,0.10917734,0.013801414
"awesome app!! it helps me a <url> i think it will be better if it had a <url> like we can time when it will start <url> sometimes i like to use my phone a lot. like before bed or using my phone at <url> smting like that. if you had the timer, we can set our work time so we would not play phones at certain <url> but still this app is great!!",positive,positive,0.8278374075889587,0.015192282,0.15697032,0.8278374
good app but <url>,neutral,neutral,0.6967041492462158,0.028653702,0.69670415,0.2746422
does the job it aims to do,neutral,positive,0.72246253490448,0.050223656,0.22731383,0.72246253
ridiculous. why the hell i cannot move it to memory card?,negative,negative,0.9666807651519775,0.96668077,0.026023684,0.0072956155
download error problem network gone after network connected again donwload doesn't resume,neutral,negative,0.7912271618843079,0.79122716,0.18003836,0.028734472
"i would give this app more stars if it weren't for the inability to get an overview of the total number of hours sunk into each tag rather than just a percentage, extend the amount of time you want on the fly and to filter by multiple tags vs either only one or all at the moment.",neutral,positive,0.6660447716712952,0.023238411,0.31071684,0.6660448
"its cool, i love it",neutral,positive,0.8388122916221619,0.01867728,0.14251041,0.8388123
warning. bad apps. this apps cheat ur money on cancelation,negative,negative,0.967692494392395,0.9676925,0.025716387,0.006591139
please fix!! then <number> stars,negative,negative,0.4519277513027191,0.45192775,0.4146638,0.1334085
it's ok this apps,positive,neutral,0.7645228505134583,0.019570976,0.76452285,0.21590619
please add support for links inside pdf! great app but i really miss that feature!!,neutral,positive,0.869465708732605,0.013707271,0.116826974,0.8694657
weatherbug was better <number> years back than it is now. i do not like the last few updates. the maps not as good especially showing cloud cover with storms or without. the layers is really sib par from the way it was. now for the last <number> days its shutting down for no reason,neutral,neutral,0.5164269208908081,0.43099517,0.5164269,0.052577827
uc helpful but it's have many bad <url>,positive,neutral,0.7370732426643372,0.03756405,0.73707324,0.22536267
it tells me what i need to know,positive,positive,0.5160731077194214,0.046620492,0.4373065,0.5160731
addicted to phone? this is the app,positive,negative,0.9493893980979919,0.9493894,0.04130496,0.009305711
works well but beware the enormous memory use for data. if this could be stored on sd card then i would give <number> stars. as it is may have to uninstall.,neutral,neutral,0.5530375838279724,0.017248476,0.5530376,0.4297139
nice app for viewing documents!!! have been using it since many years!,positive,positive,0.9055600762367249,0.012973317,0.08146657,0.9055601
doesn't have a logout option,positive,neutral,0.6958844661712646,0.23304902,0.69588447,0.0710666
enlarge capacity for sending video,neutral,neutral,0.5911809802055359,0.074560665,0.591181,0.33425838
"it needs to have color, hairstyles and have character friends we pick on the lists to be in emojis too. plus can we have clothes come from video games and movies. plz",positive,positive,0.6733388900756836,0.026170434,0.3004907,0.6733389
excellent considering all i want is pdf reader. but confused why such a basic thing like bookmarks is missing! the page nav good but never accurate,neutral,neutral,0.58225417137146,0.020230988,0.5822542,0.3975149
very funny! it crashes in my s <number> edge+,negative,neutral,0.5349472761154175,0.11317535,0.5349473,0.35187733
cant book in alantic city nj,negative,neutral,0.532927393913269,0.4251118,0.5329274,0.04196081
learnt about it hope it is going to be <url>,neutral,neutral,0.4700612723827362,0.12128642,0.47006127,0.4086523
i think it is cool because you can use it for anything and could make stories etc.,positive,positive,0.7690308690071106,0.011773495,0.21919562,0.76903087
"so powerful, yet so limited.",neutral,neutral,0.792025625705719,0.060013086,0.7920256,0.14796123
i really like this app. have a lot of fun with it when i send text messages. haven't had any problems with it.,neutral,positive,0.8812254667282104,0.015000446,0.103774086,0.88122547
new icon is really lame. looks like google <url> hahaha. binit,negative,negative,0.8265432119369507,0.8265432,0.1542731,0.019183647
easy and convenient to use,positive,positive,0.9087474942207336,0.013861898,0.077390596,0.9087475
holy data <url> people please!,negative,negative,0.4565814733505249,0.45658147,0.38364223,0.15977626
screw you slack for arbitrarily forcing everyone on mobile to download this utterly superfluous client while your services run well in browser.,negative,negative,0.9694401025772095,0.9694401,0.023668513,0.006891275
sometime. . force close hard launch,neutral,neutral,0.7337457537651062,0.08796929,0.73374575,0.17828491
"slow, and hang when zoom",negative,neutral,0.5362844467163086,0.42397243,0.53628445,0.03974311
"the app is really good. i find it really fun but i suggest that you guys add piercings, birthmarks, beauty marks and things like that, maybe even allow more then two bitmoji characters. other than that, the app is really good",positive,positive,0.8554672002792358,0.009537193,0.13499562,0.8554672
"would pay extra to get the ads to go away. otherwise, very good.",neutral,positive,0.7307412624359131,0.012661563,0.2565972,0.73074126
beware making fool and cheating beware,negative,negative,0.9674915075302124,0.9674915,0.02511178,0.0073966593
what happened to the paid version?,negative,negative,0.8937885761260986,0.8937886,0.0871256,0.019085873
good <number> st version - htc one m <number>,positive,neutral,0.5512884259223938,0.017873766,0.5512884,0.43083775
great app use it to store music in,positive,positive,0.9029787182807922,0.02121209,0.0758092,0.9029787
"could use a bit of <url> other than that, great concept and idea!",neutral,positive,0.7154332399368286,0.019178944,0.26538777,0.71543324
more customizable than the other guy but not as complete as i'd like,positive,positive,0.813636064529419,0.012324632,0.17403932,0.81363606
"i always like this app since i used my old curve. but the ads kill me, hahahaha.",positive,negative,0.5216143131256104,0.5216143,0.41503036,0.06335523
"what a crappy app. rim can do much betta than this. wanted to give it a zero star but that option ain't available, i wonder why.",negative,negative,0.9186163544654846,0.91861635,0.070667386,0.010716273
it's a good app . it saved my mobile from getting virus into my mobile,positive,positive,0.7405866384506226,0.011831211,0.24758212,0.74058664
it's really nice !!!,neutral,positive,0.8270926475524902,0.011668926,0.1612384,0.82709265
"the prices are super high. like,the great <url> a billionaire could pay, but they would be poor afterwards. don't use!",negative,negative,0.9027485847473145,0.9027486,0.0871866,0.010064815
"great local forecast, maybe because i live near their headquarters. it works great when i travels as well.",positive,positive,0.8722177147865295,0.011920404,0.11586185,0.8722177
not very compatible with pomodoro technique,neutral,neutral,0.771660327911377,0.06180513,0.7716603,0.1665345
very useful and reliable app. documents are available offline which i find very convenient,positive,positive,0.9205058217048645,0.014333472,0.06516075,0.9205058
too many ads! hate it,negative,negative,0.9613216519355774,0.96132165,0.03207764,0.0066007054
good but i don't like this app becouse of that annoying ads please remove this <url>,negative,neutral,0.751103401184082,0.041845385,0.7511034,0.20705128
improve android app please,neutral,positive,0.5228570103645325,0.049062144,0.42808086,0.522857
not happy over my profile picture,neutral,negative,0.7492431402206421,0.74924314,0.2199887,0.030768111
foxit reader is more convenient,positive,neutral,0.6580939292907715,0.047245912,0.6580939,0.2946602
"cute, simple and motivating!",positive,positive,0.9135861992835999,0.0150997825,0.07131405,0.9135862
good but could be better,positive,neutral,0.7347883582115173,0.021486394,0.73478836,0.24372524
"one of the essential apps, but imperfectly realized in android",positive,neutral,0.5747445225715637,0.081240825,0.5747445,0.34401464
like it but too much ads,positive,neutral,0.7226465344429016,0.0235554,0.72264653,0.25379807
still very lame. can't open pdfs that are image scans. cmon adobe. really?,negative,negative,0.8991291522979736,0.89912915,0.08781145,0.013059408
"after unable to launch get fixed in the update last night, all my past <number> days history is gone <url> all my lemon <url> this how the developer improve performance? very <url>",negative,neutral,0.5708132982254028,0.2559547,0.5708133,0.173232
you better call it off. useless.,negative,negative,0.9730268120765686,0.9730268,0.019924993,0.0070482027
as good as the web version,positive,positive,0.5445995330810547,0.01539937,0.44000116,0.54459953
just updated bbm and all of my chat history disappeared! need a way to restore it. pls fix it.,neutral,negative,0.8936999440193176,0.89369994,0.093178056,0.0131219635
<salutation> can't even open password protected files. waste of time and memory,negative,negative,0.9727752804756165,0.9727753,0.020465873,0.0067588505
i dont understand this ap,neutral,negative,0.9473722577095032,0.94737226,0.04445745,0.008170294
its a very good app,positive,positive,0.8061553239822388,0.01189602,0.18194869,0.8061553
good website for hotels. plenty of options and many with free cancellation.,positive,positive,0.8720723390579224,0.010583368,0.11734422,0.87207234
bad very very bad. in all website you have ads <url> is <url> <url> bad things <url> <url>,negative,negative,0.9669933319091797,0.96699333,0.026720325,0.0062863864
claims app <number> sd but <url> no option to move from phone to sd card. it's a <number> +mb app. htc di <number> . <number>,neutral,neutral,0.5898863673210144,0.33606306,0.58988637,0.07405057
"unnecessary app, please kill it.",negative,negative,0.9538227915763855,0.9538228,0.037084665,0.009092661
my favorite way to communicate,positive,positive,0.8659578561782837,0.018719397,0.11532276,0.86595786
quickly opens up the pdf <url> and very user friendly,positive,positive,0.8857979774475098,0.014186486,0.10001552,0.885798
force closed after update,neutral,negative,0.8780868649482727,0.87808686,0.095858276,0.026054842
this app is nice for safe <url>,neutral,positive,0.6431636810302734,0.027833851,0.3290024,0.6431637
brings so much important info to my phone in an easy to use format.,positive,positive,0.892067551612854,0.018019747,0.08991267,0.89206755
very nice and helpful app,positive,positive,0.9087944626808167,0.01913825,0.07206727,0.90879446
don't send fake news,neutral,neutral,0.4736407697200775,0.43616605,0.47364077,0.09019324
it asks for login every time i start it and that is very annoying. on my ipad it does not behave that way.,neutral,negative,0.8091899156570435,0.8091899,0.174355,0.016455052
update <url> bisa copy comment di picture group <url> info bagaimana cara copy coment nya?,negative,negative,0.5398632287979126,0.5398632,0.3873009,0.0728359
"good so far on phone, afraid to install on laptop, had a older version that wouldn't go away and had constant ads and pop-ups",positive,neutral,0.7488647103309631,0.07589143,0.7488647,0.17524385
this app is far too big.,negative,negative,0.8495469689369202,0.84954697,0.12889622,0.021556793
this is a good app,positive,positive,0.6277758479118347,0.017314034,0.35491017,0.62777585
"i'm heard about security concerns related to this browser, can u explain it?",neutral,neutral,0.6443232297897339,0.1730154,0.6443232,0.18266134
worst app in world,negative,negative,0.9720110297203064,0.972011,0.020904288,0.0070847166
i wish i could make funnies with my friends in them. not just in snapchat. otherwise a very fun app.,positive,positive,0.8423530459403992,0.011696686,0.1459503,0.84235305
its alright but got a long way to go to better repligo. need to be able to skip to chapters and double tap zoom should fit paragraph to screen width,neutral,neutral,0.7381312847137451,0.016954545,0.7381313,0.2449141
just missing an iphone feature.,positive,neutral,0.7110192179679871,0.16779685,0.7110192,0.121183954
not as good as on the blackberry phones doesn't show a red star to let you know you have an unread message unless you open the app,neutral,neutral,0.6650615930557251,0.26672116,0.6650616,0.068217285
excellent with some improvements,positive,positive,0.8886657357215881,0.014536047,0.09679825,0.88866574
add fonts and stuff,positive,positive,0.8117073178291321,0.020892512,0.1674002,0.8117073
please add some more features,positive,positive,0.6523184180259705,0.024795929,0.32288563,0.6523184
wish you could choose a friends to be part of the emoji,neutral,neutral,0.6584277749061584,0.042593975,0.6584278,0.2989782
this app is useless. if i hit the home button the app plays in the background of my phone without the tree dying. that literally defeats the entire purpose of the app,negative,negative,0.9748320579528809,0.97483206,0.019052856,0.006115097
now i accepted it,positive,neutral,0.39890292286872864,0.21223205,0.39890292,0.38886496
support for password protected documents.,neutral,positive,0.6705759763717651,0.03188065,0.29754335,0.670576
discord came out and improved on slack in every way. there is no reason to use this trash anymore.,negative,negative,0.9461882710456848,0.9461883,0.0444896,0.009322122
not anymore waste of time,negative,negative,0.960213303565979,0.9602133,0.030318515,0.009468152
not able to sign in,negative,negative,0.7974122762680054,0.7974123,0.1691839,0.033403788
edit: i found the lemons and how to kill trees,positive,neutral,0.6406643986701965,0.15588751,0.6406644,0.20344806
always eror <url> this app,negative,positive,0.49677568674087524,0.14099155,0.36223266,0.4967757
has too much space for ads. premium for login. there are more user friendly ways to monetize your app. the concept is ok but poorly executed,negative,neutral,0.7086884379386902,0.23183465,0.70868844,0.059476957
"since using a new update, my htc one x, always not <url>",negative,negative,0.8528483510017395,0.85284835,0.1263536,0.02079804
wpupd give more stars if we could use this app on fb messenger,neutral,neutral,0.6510913372039795,0.21751706,0.65109134,0.1313916
"not more reliable as the desktop app, but it is enough to get by",neutral,neutral,0.6948723196983337,0.01913826,0.6948723,0.2859894
does not open all pdf files that you can open with adobe on the pc. uninstalled.,negative,negative,0.9657868146896362,0.9657868,0.026136594,0.008076572
"really bad. zoom removes text, outer viewmode locks scrolling etc etc",negative,negative,0.9654387831687927,0.9654388,0.027938074,0.0066231866
i think the app is ment for book worms and book worms like me love it,neutral,positive,0.75693279504776,0.03293282,0.21013437,0.7569328
chat app or ads app,negative,negative,0.7602865695953369,0.76028657,0.20456335,0.035150096
"good accuracy, clean look and good features.",positive,positive,0.902359664440155,0.0120050255,0.08563526,0.90235966
tree doesn't whether if i leave the app n play game this app sucks,negative,negative,0.9140154719352722,0.9140155,0.076268844,0.009715688
even worse than photoshop,negative,negative,0.7636362910270691,0.7636363,0.19375814,0.042605586
begging for bookmark and copy paste option <url>,neutral,negative,0.6122771501541138,0.61227715,0.34250313,0.045219697
forgets where i was when killed by the system,neutral,neutral,0.4875327944755554,0.4498326,0.4875328,0.06263459
very good. am no lonnger using infinix <number> am using mi note and it is very difficut for me to update my mi note phone.,neutral,positive,0.5781594514846802,0.036185596,0.385655,0.57815945
not easy to use,neutral,neutral,0.783733606338501,0.12468365,0.7837336,0.09158279
good app but huge filespace,neutral,positive,0.5241608023643494,0.017570559,0.45826867,0.5241608
no substitute for this great secure app for mobile communication in real time,positive,neutral,0.5818305015563965,0.18215314,0.5818305,0.23601633
not for bald people,negative,neutral,0.6588039398193359,0.21992314,0.65880394,0.121272914
really useful app. totally enjoyed using it. i had downloaded this without many expectations but the simplicity and perfection that this app delivered totally blew me away. hats off to the developers !! keep up the great work !!,positive,positive,0.8794934749603271,0.01752738,0.10297914,0.8794935
"it's a good app overall, but the hourly forecast is totally unreliable. if the amatuers at weather underground can get it right <number> % of the time, why is weatherbug wrong <number> % of the time? c'mon folks, it's obviously do-able, so please try putting in the effort to get it right in the future (or at least check out the weather underground site and copy their work).",neutral,neutral,0.6079698801040649,0.015246207,0.6079699,0.3767839
so so. like other apps in the play store. nothing special.,neutral,neutral,0.7061456441879272,0.050160307,0.70614564,0.24369405
the standard tool for exchanging documents online,positive,positive,0.8118039965629578,0.0333686,0.15482733,0.811804
please fix some bug n i will give u <number> star,neutral,neutral,0.5248266458511353,0.19166261,0.52482665,0.28351074
great app over all,positive,positive,0.8832964301109314,0.029457437,0.087246075,0.88329643
the app is interactive and has all the required functions.,positive,positive,0.7381075620651245,0.032918308,0.22897415,0.73810756
it's ok but the follow me is crap,neutral,neutral,0.8228960633277893,0.030683445,0.82289606,0.14642057
update every <number> minutes,neutral,negative,0.6281254291534424,0.6281254,0.33268207,0.039192468
"i have installed and uninstalled repeated this several times, all it wants to do is update continuously. i can't use it at all.",negative,negative,0.9490606188774109,0.9490606,0.04323174,0.0077076806
used battery most show identity,negative,neutral,0.5737826824188232,0.17671415,0.5737827,0.24950312
should have more filtering options. should stop nagging for a review when you've already posted one.,neutral,neutral,0.7912454009056091,0.043388538,0.7912454,0.16536604
"after reservation want to add rooms but app just crash, keep loading",negative,negative,0.8429484367370605,0.84294844,0.138347,0.018704562
lost in the translation,negative,negative,0.5144029259681702,0.5144029,0.36911103,0.11648595
new version is much slower than the last. loading messages and channels feels sluggish and tedious.,negative,neutral,0.8533281087875366,0.08187661,0.8533281,0.064795196
where did the precipitation amounts go?,negative,neutral,0.5147023797035217,0.32053477,0.5147024,0.16476284
"it's nice, but it would be great there'd be some piercings",positive,positive,0.5585446357727051,0.012027343,0.42942795,0.55854464
it's a good app,positive,positive,0.5683361291885376,0.014226924,0.41743696,0.5683361
good but could be better,positive,neutral,0.7347883582115173,0.021486389,0.73478836,0.24372527
last update hosed app,negative,negative,0.886250376701355,0.8862504,0.09234179,0.0214078
"it keeps crashing. i like yet very annoying to keep <url> , weather stopped working.",neutral,neutral,0.6653891205787659,0.25119686,0.6653891,0.08341397
the app would be better if you let us use calculator and <url> bcoz sometimes while studying you have to google something <url> just a suggestion.,neutral,neutral,0.6935164928436279,0.045761112,0.6935165,0.2607224
"i love the amount of data and the warnings. however in the last <number> months the application has failed to work often at least once a day. if this issue could be solved, i would give the app <number> stars.",neutral,positive,0.8253672122955322,0.017526034,0.1571068,0.8253672
you just need to add box braids as a hairstyle,positive,positive,0.8469808101654053,0.01710678,0.13591237,0.8469808
its nice to receive anything,positive,positive,0.6461717486381531,0.013168132,0.34066013,0.64617175
this app is awful,negative,negative,0.9662870168685913,0.966287,0.026600638,0.007112363
"bummer! now i am a former usser!!!! no-ads weatherbug, where are you? hello?",negative,negative,0.6435745358467102,0.64357454,0.3218936,0.034531854
good for an <url>,neutral,neutral,0.6995843648910522,0.04110175,0.69958436,0.25931382
this is very bad,neutral,negative,0.9620606303215027,0.96206063,0.030381285,0.00755804
doesnt work on the gs <number>,negative,negative,0.9423499703407288,0.94235,0.048675064,0.008974981
too much ads not good for kids,neutral,neutral,0.6364988684654236,0.289515,0.63649887,0.073986225
not working properly in android above <number> . <number>,positive,negative,0.9476756453514099,0.94767565,0.041592065,0.01073226
slow sometimes especially during video and audio calls. the app just hangs and stops working.,positive,neutral,0.8170369863510132,0.098699845,0.817037,0.08426319
if i could alter the apps appearance to allow for inverted colour schemes i would give it <number> stars other than that this is a brilliant app.,positive,positive,0.8907244801521301,0.016220532,0.09305494,0.8907245
one of the <signature>,neutral,positive,0.8972387313842773,0.017690262,0.08507099,0.89723873
"it's not working for me, i'm using samsung tab <number> mini, it's asking for confirmation of date of birth",negative,negative,0.6787703633308411,0.67877036,0.2812338,0.039995868
"i can use other app meanwhile timer is running , so no use waste app",negative,neutral,0.6330844759941101,0.2611748,0.6330845,0.10574079
app is up to date and easy to read.,positive,positive,0.8831341862678528,0.012761171,0.104104646,0.8831342
"do not waste your time. if u think u can save the earth but no, you have to buy premium first to plant trees. absolute a waste timer",negative,negative,0.9694513082504272,0.9694513,0.023629172,0.006919534
sluggish compared to other pdf readers but renders well.,neutral,neutral,0.5506716370582581,0.018442558,0.55067164,0.4308858
"i don't need this, but i'm sure someone will need it.",positive,neutral,0.7527843713760376,0.091019355,0.7527844,0.15619631
"really fast, good and probably the <signature>",positive,positive,0.8765510320663452,0.016293058,0.10715596,0.87655103
"my team, tired of waiting for a department driven initiative for collaboration tools, decided to start using this for ourselves. it's been a great experience so far - quicker responses, easy file sharing, organising social outings and reaching out to the whole team at once etc. the <signature>",positive,positive,0.9066417813301086,0.016346022,0.07701214,0.9066418
bad uploaded pic display,negative,negative,0.9296050071716309,0.929605,0.059151478,0.011243476
i like this app is very useful,neutral,positive,0.882594108581543,0.011737306,0.105668575,0.8825941
"i was not able to open the app even after reinstalling it twice so instead i installed ""flip flop"" app which is also a similar app",negative,neutral,0.4715843200683594,0.42834044,0.47158432,0.10007516
what's with all the new permissions?,negative,negative,0.6044154763221741,0.6044155,0.34388733,0.05169722
the new automatic markdown feature sucks!!! and you cannot turn it off,negative,negative,0.92844557762146,0.9284456,0.061254475,0.010299943
now it use very long time for export photo.,negative,positive,0.7900330424308777,0.032124665,0.1778423,0.79003304
can't import pictures,negative,neutral,0.5243589282035828,0.42828116,0.5243589,0.04735991
i love it but for some reason it doesn't work well on my samsung. if it worked better with my phone a higher rating,neutral,positive,0.7768839597702026,0.014387617,0.20872842,0.77688396
did more things to say and more holiday,neutral,neutral,0.4970864951610565,0.109555,0.4970865,0.39335853
can not open edited images on my galaxy note <number>,negative,negative,0.50269615650177,0.50269616,0.4605931,0.036710806
the confirmation details is not shown on <number> rd party screen. not useful if i have to inform <number> rd party of the confirmation details.,neutral,neutral,0.5991705060005188,0.35160434,0.5991705,0.04922521
never sends the correct emoji.,negative,negative,0.7265289425849915,0.72652894,0.24517791,0.028293101
please add save image setting,positive,neutral,0.6696520447731018,0.09774407,0.66965204,0.23260386
i cant run the app after new update!!!,neutral,negative,0.9653920531272888,0.96539205,0.028009249,0.0065986756
ads thats the only thing spoiling this <url> bcz ads are source of income <url> lose this app the source ur getting ads,negative,negative,0.8690704107284546,0.8690704,0.11422587,0.01670374
i have had this app for a while and it works really well,negative,positive,0.8742867112159729,0.014674971,0.11103826,0.8742867
mostly good except- sucks too much background data and not freindly to my battery . should shut itself down.,neutral,neutral,0.7953048348426819,0.024849625,0.79530483,0.17984556
"fairly accurate, wish the radar would update a little quicker",positive,positive,0.8666669130325317,0.010177006,0.12315605,0.8666669
what's up with it?,negative,negative,0.5417487025260925,0.5417487,0.4090901,0.04916122
up browser is <signature>,positive,neutral,0.43075716495513916,0.17962298,0.43075716,0.3896199
nice app but i can't highlight my text i pressed that longer but it couldn't work please check this out,positive,neutral,0.5613533854484558,0.015919253,0.5613534,0.42272735
love it but the radar needs future time,positive,positive,0.5314249992370605,0.028103882,0.44047117,0.531425
itss ok but not good at <url>,neutral,neutral,0.8223540782928467,0.04598079,0.8223541,0.13166517
animation does not work. really disappointed. use everyday for work. moving on to the weather channel app. never fails.,negative,negative,0.9590228199958801,0.9590228,0.033366628,0.0076105744
"maybe if the app followed material design guidelines, i would have rated it <number> stars. the controls are based on ios, so it's not easy to find your way, but overall it's a good photo app.",positive,positive,0.5331670045852661,0.015624467,0.45120844,0.533167
new layout v <number>,positive,neutral,0.4762226641178131,0.25592068,0.47622266,0.26785663
it does not install,positive,negative,0.9633377194404602,0.9633377,0.029390305,0.0072719106
"its amazing app, but unfortunately after the new updation the app forced to close when importing a new photo. so please fix that bug immediately",positive,neutral,0.5126701593399048,0.025791584,0.51267016,0.46153826
try hotel tonight - $ <number> free,neutral,neutral,0.4882047176361084,0.45085976,0.48820472,0.060935464
"it's like <number> stars for the app, <number> star for new booking assistant. god damn it, how the hell can i just answer the message i got from a property???!!! why do i need to see <number> questions of an assistant instead, that i can not delete and that just mess up all the dialog! hate it. really hate this feature! do like everything else though.",positive,negative,0.7850815653800964,0.78508157,0.18656221,0.028356282
been a good weather app for me! thumbs up!,positive,neutral,0.6046412587165833,0.041026056,0.60464126,0.35433266
i guess it's <url>,positive,neutral,0.6799331307411194,0.079060085,0.67993313,0.24100679
loved it before update,neutral,negative,0.6669923067092896,0.6669923,0.28617078,0.046836887
it is good news app but some improvement required in spelling and language.,positive,positive,0.6898760795593262,0.011401273,0.29872268,0.6898761
"as a frequent user , you should have few options as reward the client should choose between",positive,positive,0.6144618988037109,0.03414071,0.35139742,0.6144619
no bookmark or jump to <url> really annoying,negative,negative,0.6511995196342468,0.6511995,0.32198346,0.026817022
app is <url> service sucks,neutral,negative,0.9286144375801086,0.92861444,0.060154762,0.011230803
i can't use web mobile in <url>,negative,negative,0.8784582614898682,0.87845826,0.10560944,0.015932215
the new button is super poopy.,negative,neutral,0.5322584509849548,0.09380281,0.53225845,0.37393877
"i love it, but desperately needs to save last <url> and place within that <url> a bookmarking function!",neutral,positive,0.6833851933479309,0.0447809,0.27183387,0.6833852
"simple to use,in a straight forward easy to understand format. <signature>",positive,positive,0.8879205584526062,0.0127404835,0.09933892,0.88792056
i saw no last minute rates as promised on the description.,negative,neutral,0.6051416993141174,0.2768072,0.6051417,0.11805116
if you browse like i do this is a must have. i rated it <number> stars before but now it is becoming a mess. you are killing its reputation with ads. i must wait for few seconds advert to finish before browsing.,neutral,negative,0.7915400862693787,0.7915401,0.18440932,0.024050586
the drawer is old,negative,neutral,0.4965474009513855,0.4108323,0.4965474,0.09262032
what a great messanger. you make us who separated a kilometers away can gather in one place. keep <url>,positive,negative,0.5958670973777771,0.5958671,0.3538967,0.050236244
add text option please,neutral,positive,0.6206132769584656,0.022440657,0.35694608,0.6206133
new logo looks like swastika maybe next time dev team will worked on app ram usage?,negative,neutral,0.6336124539375305,0.13126452,0.63361245,0.23512301
don't use. can't uninstall on tablet,neutral,negative,0.955135703086853,0.9551357,0.037550874,0.0073134312
fast but doesn't allow you to jump to pages no good for big ebooks,neutral,neutral,0.7180079817771912,0.22010344,0.718008,0.061888482
how can i make a video call??,positive,neutral,0.5930903553962708,0.07695601,0.59309036,0.3299536
easy to use and useful,positive,positive,0.9114620089530945,0.014550391,0.07398757,0.911462
"i saw this app on engadget and was excited to try it. however, the hdr mode does not work on my phone. i have a samsung galaxy s <number> edge. it is listed as one of the phones that works but the option for hdr is not available on the drop-down menu.",neutral,neutral,0.7111154794692993,0.20116065,0.7111155,0.0877239
i was able to update and view my bookings very easily. very convenient.,positive,positive,0.9161355495452881,0.012706564,0.07115786,0.91613555
"it lost all my progress! i had the cat tree, octopus, etc",negative,negative,0.892504870891571,0.8925049,0.093063906,0.014431158
best crashes ever!!!! worthless,negative,negative,0.9429581761360168,0.9429582,0.045142334,0.011899414
radar map never loads first try.,neutral,negative,0.9141505360603333,0.91415054,0.07316123,0.012688298
"simple to the massage, i like bbm,cause i can see when the massage have delivered n read .",positive,positive,0.8660889863967896,0.012396991,0.12151401,0.866089
its <url> make something <url>,neutral,neutral,0.5707342028617859,0.11156651,0.5707342,0.3176993
this is my favorite weather app to use. i've used it since i was a teenager. the only problem i have is that the hourly forecast is almost never right which is very inconvenient for me considering i work outside. on the bright side you can look at the radar and pretty much tell what what is gonna hit you.,neutral,positive,0.7782447338104248,0.018600238,0.20315503,0.77824473
cant connect to facebook,neutral,negative,0.9318926930427551,0.9318927,0.059950832,0.008156439
"i like it and think it's super cute and fun, but i wish it had more such as maybe tattoos or piercings and i wish you could create outfits instead of picking an outfit",positive,positive,0.8813465237617493,0.010160982,0.108492486,0.8813465
good for quick edits on the move,positive,positive,0.6456089019775391,0.014001821,0.3403893,0.6456089
why the almost daily updates?,neutral,neutral,0.7550225257873535,0.09930106,0.7550225,0.14567643
terrible. i don't need creative cloud!,negative,negative,0.9716416597366333,0.97164166,0.02108334,0.0072749765
sign up form doesn't work and this app doesnt work without an adobe account so it was just a waste of time.,negative,negative,0.9718607068061829,0.9718607,0.021547148,0.006592094
love it but a problem?,positive,positive,0.7750062942504883,0.014943382,0.21005024,0.7750063
does what supposed to an as far as forcast go seems good,positive,neutral,0.5915229320526123,0.022663575,0.59152293,0.38581342
i can't import alot of my photos!,neutral,negative,0.6367772817611694,0.6367773,0.33167538,0.031547233
horrible pdf reader. there are much better alternatives.,negative,negative,0.9684356451034546,0.96843565,0.024665873,0.0068984614
"it's great that it can read my truck's <number> , <number> page service manual right here on my phone; but i can't find anything if there is no search feature!!",neutral,positive,0.5571272969245911,0.019868566,0.42300406,0.5571273
it does logout of account after closing,positive,negative,0.5406053066253662,0.5406053,0.39033875,0.06905594
"love it. would be great if you could include options to dodge and burn images, too.",positive,positive,0.858282208442688,0.02267981,0.119038045,0.8582822
i don't like that i can't attach to a text in gboard. i have to go through bitmoji to send in a text. it is easier to send in iphone and i can't do friendmojis,positive,neutral,0.6922647356987,0.2480385,0.69226474,0.05969677
"does not work on the captivate at <url> very disapointed, it just says it has failed to read found files.",negative,negative,0.95916348695755,0.9591635,0.03413572,0.0067007896
it's an useful app,positive,positive,0.8475752472877502,0.009933384,0.14249143,0.84757525
is the white house in charge of it?,negative,neutral,0.4175051152706146,0.39380398,0.41750512,0.18869086
weather automation doesn't work anymore so it's stupid,negative,negative,0.9284116625785828,0.92841166,0.061926756,0.009661464
some times its just boarding,neutral,neutral,0.7654536962509155,0.046272803,0.7654537,0.18827344
i deplore pdfs of all kinds. <url> the only thing that can read a pdf. but this app does <url> it still sux,negative,neutral,0.5092319846153259,0.44063914,0.509232,0.050128866
installs another app without warning,negative,negative,0.9464632868766785,0.9464633,0.044057716,0.009479058
it's your app so you get to choose your logo. but this new one confusing my son that slack is a game and he is complaining i keep playing this game all the time but have no shame in denying his rights to play games eternally. ps: unable to view old items unless we pay is gross.,neutral,negative,0.8231258392333984,0.82312584,0.15677378,0.02010038
"other parties doin better ""reader n even writer"" than adobe!",negative,neutral,0.5838276743888855,0.15773058,0.5838277,0.25844175
takes too much time to load sometimes,positive,neutral,0.8461302518844604,0.05275313,0.84613025,0.10111668
it is an interesting app that uses a lot of memory. but great communication tool,neutral,positive,0.8720211386680603,0.012174419,0.11580439,0.87202114
it's amazing and faster then other <url>,neutral,positive,0.8397660851478577,0.022109259,0.13812467,0.8397661
best weather app out there until it stopped working. won't load anything now. please <url>,negative,positive,0.5346134305000305,0.032272123,0.43311447,0.53461343
will be much better if it has read out <url>,positive,neutral,0.6838091015815735,0.03750789,0.6838091,0.278683
good overall but seems to have an issue of being unavailable or offline when other weather apps are working just fine providing the same info. <url> radar,positive,neutral,0.5921896696090698,0.01617316,0.59218967,0.39163724
does the camera support long exposure?,positive,neutral,0.6964977383613586,0.07163179,0.69649774,0.23187052
i enjoy using it. i just have to play with it more to get more experience,positive,positive,0.8967257738113403,0.014648434,0.08862572,0.8967258
it helps me a lot,positive,positive,0.8905521035194397,0.0109938085,0.09845407,0.8905521
not bad at all. great improvement.,positive,positive,0.7770683169364929,0.015563835,0.20736785,0.7770683
plenty of unnessary ads,negative,negative,0.7447185516357422,0.74471855,0.22719358,0.028087959
the news feed so annoying please avoid this type of <url> or add a button for stop news <url>,negative,neutral,0.709918200969696,0.17929384,0.7099182,0.11078795
can be a bit complicated and in your face but it does a good job and is well supported by venues.,positive,positive,0.879572331905365,0.011533127,0.10889456,0.87957233
i liked it. no reply on mobile though.,positive,neutral,0.7639997005462646,0.07881254,0.7639997,0.15718783
"works perfectly with snapchat, i hope soon it has more goth/alternative outfits and options for piercings and ear spacers. love the new hair options!",positive,positive,0.914784848690033,0.013395448,0.07181976,0.91478485
"it used to be a <number> star app but not every time i try to open it it crashes, please fix this asap",negative,negative,0.6950715184211731,0.6950715,0.2731609,0.03176764
where's the support?,negative,neutral,0.5356476902961731,0.21204428,0.5356477,0.25230795
i think nice but mobile hang krta h,neutral,positive,0.5829039216041565,0.01706832,0.4000277,0.5829039
please add fonts in this app to write . <signature>,neutral,positive,0.5100075602531433,0.070242,0.41975042,0.51000756
"worked once, then has never worked again.",negative,negative,0.8674283623695374,0.86742836,0.11419635,0.018375354
fix the radar! what is taking so long? i'm very close to deleting this app for good. i doubt i'm alone!,negative,negative,0.7407352328300476,0.74073523,0.23323305,0.02603171
it is good aap for searching and downloading <url>,positive,positive,0.6159759163856506,0.015593869,0.36843014,0.6159759
while controlling shutter speed whole app is getting freezed.,neutral,negative,0.6128944754600525,0.6128945,0.33007845,0.05702703
"no full language support. what a shame, adobe.",negative,negative,0.9499080777168274,0.9499081,0.039799128,0.010292802
it's nice <url>,neutral,neutral,0.5141299366950989,0.019989531,0.51412994,0.46588054
"this app is not at all what i had expected. it is very hard to use. at the beggining, you get small info about one fature of the app. once you start to use it, the purpose just gets confusing, how does the tree grow? is the time a stopclock, a timer, im so confused! please improve this app to be more user friendly!",negative,neutral,0.7918005585670471,0.109117955,0.79180056,0.09908155
lost status bar info,neutral,negative,0.6907970309257507,0.69079703,0.25534824,0.05385474
it was fine before i was forced to update.,neutral,neutral,0.6132631897926331,0.31063524,0.6132632,0.07610161
